id,state,region,title,model_year,price,type,chassis_make,body_make,chassis_type,fuel,is_4wd,mileage,engine_hours,pump_hours,pump_gpm,tank_gal,last_modified,category_id
0205b69b-a7c9-4fea-9102-b89f52f573c4,AL,South,2022 Freightliner Vac-Con Hydrovac,2022,364999,hydrovac,Freightliner,Vac-Con,2-door-commercial,diesel,,10565,1400,500,60,2000,2026-07-29T23:16:47.753Z,399f25f9-1380-427d-a067-7e931d2d4dde
14368584-a0d5-40c1-a85b-cccc06be870b,AL,South,New LEMCO 7000 Loader on 2017 Freightliner,2017,229000,,Freightliner,,2-door-commercial,,,119074,,,,,2026-08-06T16:31:12.730Z,79c8d05c-40dd-468d-9730-09a47f70150f
b9be5a07-835b-4ae9-8298-acaf69408f16,AL,South,2012 Rosenbauer Pumper,2012,295000,pumper-engine,Rosenbauer,Rosenbauer,4-door-commercial,diesel,,52652,6886,,1000,750,2026-07-16T17:13:18.552Z,fa257783-f061-4187-9eac-110ffe1f7c13
a588a7a9-9e14-41a0-ac25-306023bbd00c,AL,South,2009 International Crimson Pumper,2009,130000,pumper-engine,Crimson,International,2-door-commercial,diesel,,45167,4137,,1500,1000,2026-07-16T17:13:24.627Z,fa257783-f061-4187-9eac-110ffe1f7c13
178d4375-8393-4611-bbdd-fd9f3f870bbb,AL,South,2008 KME International Tanker,2008,175000,tanker-tender,International,KME,4-door-commercial,diesel,,10600,,,500,2000,2026-07-23T17:33:07.789Z,fb52f135-446f-4724-b502-a8d9c4f58493
a336d88b-beb0-4695-90c0-34bc97427b99,AL,South,2008 Deep South Ford Brush Truck,2008,150000,brush-truck,Ford,Deep South,4-door-commercial,diesel,,22100,,,,,2026-06-25T03:00:01.662Z,6fe8c974-200e-4e53-b687-4988ae13f4ee
068cb4f9-8eba-40fc-9c96-87153b136525,AL,South,2001 Pierce Enforcer Pumper,2001,40000,pumper-engine,Pierce,Pierce,custom,,,105304,,,1250,750,2026-08-13T15:57:30.858Z,fa257783-f061-4187-9eac-110ffe1f7c13
96bccd77-f559-4f2f-8bd3-37fab60f8f47,AL,South,1995 E-One Pumper,1995,55000,pumper-engine,E-One,E-One,custom,diesel,,25875,,,1250,1000,2026-06-11T01:52:03.522Z,fa257783-f061-4187-9eac-110ffe1f7c13
3e8d31da-0f9d-47fa-aaa8-a7b237fc87cf,AL,South,2002 E-One International Pumper,2002,60000,pumper-engine,International,E-One,4-door-commercial,diesel,,49180,4804,,1500,750,2026-06-10T15:13:14.265Z,fa257783-f061-4187-9eac-110ffe1f7c13
e18f6150-71bf-463c-8849-1f67640a78d5,AL,South,2014 Mack GU713 Dump Truck,2014,85000,dump-truck,Mack,,2-door-commercial,diesel,,411000,,,,,2026-07-21T12:45:59.594Z,3e918b89-8111-4445-ab7e-2c9b49127342
69f9caba-2eb2-4387-ac98-370b54493b02,AL,South,2008 Ford Type III Ambulance,2008,6900,type-3,Ford,Other,2-door-commercial,diesel,,206000,,,,,2026-07-27T20:41:07.121Z,a81d9a9c-4e1f-4d12-8a69-c1f20a885b44
941d6173-5299-4610-87f9-61e932815c86,AL,South,1981 International 2275S Dump Truck,1981,25000,dump-truck,International,,2-door-commercial,,,275000,,,,,2026-07-29T14:54:02.276Z,3e918b89-8111-4445-ab7e-2c9b49127342
6b4cd9c5-c43e-40da-b919-b359fb60cd32,AL,South,2004 Command Unit,2004,25000,command-unit,Other,Other,2-door-commercial,diesel,,335000,,,,,2026-08-11T01:14:51.791Z,804902f4-571d-45ba-a152-ba389e77cdf8
499c1761-6af7-4b6c-acd2-ec80cc01092e,AL,South,2007 Mack cv713 Dump Truck,2007,40000,dump-truck,Mack,,2-door-commercial,diesel,,500000,,,,,2026-07-26T22:12:45.897Z,3e918b89-8111-4445-ab7e-2c9b49127342
d5c68415-e5d9-4ef3-9182-da3e9884f81a,AL,South,2006 Mack CV713 Dump Truck,2006,40000,dump-truck,Mack,,2-door-commercial,diesel,,500000,,,,,2026-07-20T09:46:02.521Z,3e918b89-8111-4445-ab7e-2c9b49127342
5b4d80f6-af2f-4773-a033-baedf5c1012b,AL,South,"Bullard TICs (4 available, ONE PER ORDER)",,200,,,,,,,,,,,,2026-01-16T20:27:00.444Z,b28116b1-22b6-46b3-81c4-d0066cd02437
95f7a349-2418-498a-a764-7636d4b3095c,AL,South,1994 Seagrave Firetruck,1994,12325,,,,,,,,,,,,2026-07-22T21:28:46.045Z,b28116b1-22b6-46b3-81c4-d0066cd02437
b9e154b7-05f6-4084-84b2-104530f92dd1,AL,South,"Federal Siren, Used",,500,,,,,,,,,,,,2026-01-16T20:26:42.567Z,b28116b1-22b6-46b3-81c4-d0066cd02437
6b5edf0e-56a5-4c49-88e9-3f2ca75d0c59,AL,South,Kochek Valve,,400,,,,,,,,,,,,2026-01-16T20:27:01.501Z,b28116b1-22b6-46b3-81c4-d0066cd02437
96793e1d-f368-485a-8122-64f3d333847b,AL,South,Used Honeywell Boots (Size 16),,80,,,,,,,,,,,,2026-01-16T20:26:36.907Z,b28116b1-22b6-46b3-81c4-d0066cd02437
4c7fac5c-5aa3-4129-93f3-8c4e46262f1c,AL,South,"Akron 3"" Nozzle",,330,,,,,,,,,,,,2026-01-16T20:27:03.422Z,b28116b1-22b6-46b3-81c4-d0066cd02437
bd5a9cea-30d7-424e-84d0-403ef2c521a7,AL,South,Lot of Right Angle Lights,,200,,,,,,,,,,,,2026-01-16T20:26:59.551Z,b28116b1-22b6-46b3-81c4-d0066cd02437
02d0ec5d-9846-4367-b0e5-24cf4bbc165d,AL,South,Used Morning Pride Turnout Pants (Size: 40x26),,70,,,,,,,,,,,,2026-01-16T20:27:00.408Z,b28116b1-22b6-46b3-81c4-d0066cd02437
16469578-141b-472e-bcec-4c032a42d06c,AL,South,Used Morning Pride Turnout Pants (Size 42W x 29I),,80,,,,,,,,,,,,2026-01-16T20:26:36.071Z,b28116b1-22b6-46b3-81c4-d0066cd02437
a17bda4d-7e14-4f01-aebd-73e04aa29477,AL,South,Gated Wye,,120,,,,,,,,,,,,2026-01-16T20:27:02.569Z,b28116b1-22b6-46b3-81c4-d0066cd02437
cc6da5f1-acaf-427b-ad1c-853314381889,AL,South,Used Morning Pride Turnout Pants,,75,,,,,,,,,,,,2026-03-04T23:29:58.606Z,b28116b1-22b6-46b3-81c4-d0066cd02437
ed2e34c1-8f04-4247-90fb-c84fa1e4da0b,AL,South,"Akron Turbojet Nozzle (1.50"" NH)",,275,,,,,,,,,,,,2026-01-16T20:27:03.567Z,b28116b1-22b6-46b3-81c4-d0066cd02437
73cb3362-3d72-4319-82ee-cabe18f8641f,AL,South,Elkhart Nozzle,,200,,,,,,,,,,,,2026-01-16T20:26:59.803Z,b28116b1-22b6-46b3-81c4-d0066cd02437
761a23ca-1ee2-4615-a7f5-b2edd92294ff,AL,South,650G Red Fire Axe,,200,,,,,,,,,,,,2026-01-16T20:27:04.376Z,b28116b1-22b6-46b3-81c4-d0066cd02437
f153f5d8-b37a-4f84-8c9f-64d9882cc37a,AL,South,Red Head 2.5” NH Hose,,100,,,,,,,,,,,,2026-01-16T20:26:34.215Z,b28116b1-22b6-46b3-81c4-d0066cd02437
5f28df66-dde8-4282-b7a8-716a9a172676,AL,South,Akron Nozzle Tip,,240,,,,,,,,,,,,2026-01-16T20:26:32.644Z,b28116b1-22b6-46b3-81c4-d0066cd02437
f257225a-180b-4caa-bc08-4cbe9759a4ed,AZ,West,2008 Central States GMC 4x4 Mini Pumper,2008,80000,mini-pumper,GMC,Central States,4-door-commercial,diesel,,80650,,,750,500,2026-08-07T19:08:30.209Z,6fe8c974-200e-4e53-b687-4988ae13f4ee
4f33f237-acdf-494e-a5ec-7b1159113529,AZ,West,2003 E-One Typhoon 50' Quint,2003,225000,quint,E-One,E-One,custom,diesel,,18000,,,1250,750,2026-07-16T17:13:27.981Z,32a48e35-feaf-449b-86e1-7631bc0b3968
d0fc9245-aa5c-47d5-b521-a62b9a7e5810,AZ,West,2008 Fouts Brothers Ford 4x4 Mini Pumper,2008,40000,mini-pumper,Ford,Fouts Brothers,4-door-commercial,diesel,,68050,,,150,300,2026-08-07T19:08:24.022Z,6fe8c974-200e-4e53-b687-4988ae13f4ee
572f6648-d69b-4c81-9a25-c8b6147d7868,AZ,West,2008 Ford 4x4 Mini Pumper,2008,80000,mini-pumper,Ford,Other,2-door-commercial,diesel,,28553,,,375,300,2026-07-16T17:13:23.897Z,6fe8c974-200e-4e53-b687-4988ae13f4ee
92103dc9-8734-4182-8b48-6e39ec62aa23,AZ,West,1999 Freightliner FL80 Heavy Rescue,1999,150000,heavy-rescue,Freightliner,Freightliner,4-door-commercial,diesel,,13371,2181,,500,350,2026-08-01T15:59:00.146Z,86aa5c3b-3965-4a9a-b2f8-fbcb5d0ca70a
7ac59246-bca2-400d-8daf-d725c917ce30,AZ,West,1989 Peterbilt 357 Dump Truck,1989,70000,dump-truck,Peterbilt,,2-door-commercial,,,200000,,,,,2026-08-12T20:28:05.486Z,3e918b89-8111-4445-ab7e-2c9b49127342
13f33b36-7053-4675-9a2a-ec91c7fe1852,AZ,West,2019 Ford E-450 Type III Ambulance,2019,55500,type-3,Ford,Ford,2-door-commercial,,,93808,,,,,2026-08-11T01:17:49.521Z,a81d9a9c-4e1f-4d12-8a69-c1f20a885b44
6639e82a-952c-4305-93de-4f46a2ba12c1,AZ,West,2015 Ford Explorer Command Unit,2015,9000,command-unit,Ford,Ford,4-door-commercial,gasoline,,111849,,,,,2026-08-11T01:14:28.070Z,804902f4-571d-45ba-a152-ba389e77cdf8
641dee64-66b9-43b1-b6f5-7f41d0a457a2,AZ,West,2013 Ford 4x4 Type I Ambulance,2013,60000,type-1,Ford,Other,2-door-commercial,diesel,,52810,,,,,2026-06-10T15:13:14.265Z,a81d9a9c-4e1f-4d12-8a69-c1f20a885b44
d30c8d83-b50e-4371-a8a9-15fb0ca94964,AZ,West,1996 Pierce Lance 100' Quint,1996,35000,quint,Pierce,Pierce,custom,diesel,,62428,,2274,2000,200,2026-06-16T14:21:38.368Z,32a48e35-feaf-449b-86e1-7631bc0b3968
410b40f7-a335-436c-a672-d16ca8666a56,AZ,West,1990 E-One Pumper,1990,12000,pumper-engine,E-One,E-One,custom,,,135175,2556.85,,1500,500,2026-07-03T03:00:07.532Z,fa257783-f061-4187-9eac-110ffe1f7c13
4538bb61-505e-4e61-b07a-a2b8b831de61,AZ,West,2012 PL-Custom Ford 4x4 Type I Ambulance,2012,49000,type-1,Ford,PL-Custom,custom,diesel,,138974,,,,,2026-07-15T00:11:40.181Z,a81d9a9c-4e1f-4d12-8a69-c1f20a885b44
a3b590fe-b6ee-4f1a-a8d9-098776d17717,AZ,West,1986 E-One Ford Pumper,1986,10000,pumper-engine,Ford,E-One,4-door-commercial,diesel,,56355,,,1250,500,2026-07-13T21:49:11.458Z,fa257783-f061-4187-9eac-110ffe1f7c13
b3b0c493-bff8-45a2-99b0-19978f772f39,AZ,West,Scott Safety 4500psi 45min SEL Cylinders Mfr 2016,2016,955,,,,,,,,,,,,2026-06-26T22:14:23.804Z,b28116b1-22b6-46b3-81c4-d0066cd02437
0955675d-bc20-4a47-8515-001896685a2f,AZ,West,Scott Safety TRC-1 Mobile Air Cart Model No. 200070-05,,5800,,,,,,,,,,,,2026-03-18T19:41:01.875Z,b28116b1-22b6-46b3-81c4-d0066cd02437
f4919936-2213-4f14-9414-0a2d11d20598,AZ,West,Scott 4.5 Wire Frame Air Pak SCBA,,575,,,,,,,,,,,,2026-06-17T14:26:04.498Z,b28116b1-22b6-46b3-81c4-d0066cd02437
d819e036-d34d-4fc7-b751-ee5cbeb79ba7,AZ,West,whelen lens v mirror lights pair red with white puddle light,,140,,,,,,,,,,,,2026-01-16T20:27:04.866Z,b28116b1-22b6-46b3-81c4-d0066cd02437
44ebc84a-8a20-4ff4-81d6-9ca9c160f405,AZ,West,Scott 5.5 X3 Snap Change 5500 PSI CBRN SCBA,,1500,,,,,,,,,,,,2026-02-22T20:40:22.281Z,b28116b1-22b6-46b3-81c4-d0066cd02437
551d4ea2-7918-4620-b266-49046f5221c7,AZ,West,Scott SCBA Pak-Tracker Locator Hand Held Receiver (2) Chargers (25) Transmitters,,2500,,,,,,,,,,,,2026-01-16T19:56:07.430Z,b28116b1-22b6-46b3-81c4-d0066cd02437
56a5ec8e-5bbe-4fe4-9b45-da8145a69195,AZ,West,SCOTT AV-3000 HT SCBA MASK Size Medium,,295,,,,,,,,,,,,2026-02-22T20:41:53.882Z,b28116b1-22b6-46b3-81c4-d0066cd02437
cec70224-b2d8-48ff-8a0c-7e6c3dc5f806,AZ,West,Scott 30010-300 Hansen Airline Hose Assembly NEW Factory Wrapped 300ft Roll,,1650,,,,,,,,,,,,2026-02-22T20:42:19.985Z,b28116b1-22b6-46b3-81c4-d0066cd02437
f4c266b6-8ddc-4df8-b6f2-42039464ec93,AZ,West,Scott 4.5 AP75 SCBA,,695,,,,,,,,,,,,2026-02-22T20:40:45.936Z,b28116b1-22b6-46b3-81c4-d0066cd02437
2f0fe810-18ee-4212-bf4b-e4db4a17b004,AZ,West,1986 Pierce E-2651 Fire Truck,1986,10000,,,,,,,,,,,,2026-05-08T14:40:50.490Z,b28116b1-22b6-46b3-81c4-d0066cd02437
438973eb-55fd-4fb9-a932-66dc0a219093,AR,South,2024 AEV Ford Type III Ambulance,2024,112857,type-3,Ford,AEV,2-door-commercial,gasoline,,74820,,,,,2026-07-15T21:18:52.116Z,a81d9a9c-4e1f-4d12-8a69-c1f20a885b44
a93e9a18-68bd-4374-a66f-a74156c10793,AR,South,2024 AEV Ford Type III Ambulance,2024,112857,type-3,Ford,AEV,2-door-commercial,gasoline,,91492,,,,,2026-06-10T15:13:14.265Z,a81d9a9c-4e1f-4d12-8a69-c1f20a885b44
cf709948-81fe-4e66-b7b0-787eb373f519,AR,South,2007 Crimson Freightliner Pumper Tanker,2007,175950,pumper-tanker,Freightliner,Crimson,2-door-commercial,diesel,,16300,,,1000,2000,2026-07-30T18:47:05.011Z,fb52f135-446f-4724-b502-a8d9c4f58493
73e0db65-17af-4f3d-b801-efeb432abc35,AR,South,2018 Ford 4x4 Type I Ambulance,2018,50000,type-1,Ford,Ford,2-door-commercial,,,143935,,,,,2026-08-04T18:12:40.399Z,a81d9a9c-4e1f-4d12-8a69-c1f20a885b44
813883f4-52c4-4f8c-9426-f741bfc0364d,AR,South,1998 International 4900 Pumper Tanker,1998,96950,pumper-tanker,International,International,2-door-commercial,,,32000,,,500,2000,2026-08-10T18:50:33.365Z,fb52f135-446f-4724-b502-a8d9c4f58493
0954b344-38ba-4d65-befa-13a92dde48bf,AR,South,2002 Freightliner Ferrara Pumper,2002,65000,pumper-engine,Ferrara,Freightliner,4-door-commercial,diesel,,82000,5000,,1250,750,2026-08-14T02:20:40.540Z,fa257783-f061-4187-9eac-110ffe1f7c13
e864b6ef-f33a-4694-a70f-e9e4f70d36a1,AR,South,2013 Chevrolet Chevy Impala Command Unit,2013,5000,command-unit,Chevrolet,Chevrolet,4-door-commercial,gasoline,,118352,1000,,,,2026-06-11T03:04:22.022Z,804902f4-571d-45ba-a152-ba389e77cdf8
45de1102-cb24-4ebd-8d85-9927a37e2578,AR,South,2000 E-One Freightliner Pumper,2000,85950,pumper-engine,Freightliner,E-One,4-door-commercial,,,35000,,,1250,1000,2026-07-22T20:21:53.522Z,fa257783-f061-4187-9eac-110ffe1f7c13
f445c059-7aa1-46ef-ad80-e88689a3ac3c,AR,South,1989 Ford FT900 Dump Truck,1989,22000,dump-truck,Ford,,2-door-commercial,diesel,,230456,,,,,2026-08-06T16:13:03.319Z,3e918b89-8111-4445-ab7e-2c9b49127342
5eeadc8e-6bf7-4b1d-b791-20ab74320c12,AR,South,1987 Pierce Pumper,1987,12000,pumper-engine,Pierce,Pierce,custom,diesel,,68011,,,1250,750,2026-07-23T22:16:31.089Z,fa257783-f061-4187-9eac-110ffe1f7c13
9a36d333-87a6-4de3-a024-34f31be1ccb4,AR,South,1999 International 4900 Tanker,1999,73950,tanker-tender,International,International,2-door-commercial,diesel,,18300,,,250,2100,2026-07-16T19:53:16.217Z,fb52f135-446f-4724-b502-a8d9c4f58493
57d5ce25-5f7f-4d59-b507-5508a06377ea,AR,South,1994 Saulsbury Spartan Heavy Rescue,1994,18000,heavy-rescue,Spartan,Saulsbury,custom,diesel,,47405,4985,,,,2026-06-10T15:13:14.265Z,86aa5c3b-3965-4a9a-b2f8-fbcb5d0ca70a
5bfd9d57-701c-42c1-83e0-cf0ad5e98ecf,AR,South,2000 GMC Leach Rear Loader,2000,17000,rear_loader,GMC,Leach,2-door-commercial,diesel,,155321,,,,,2026-07-28T19:53:34.218Z,a05a1ae8-85b2-4ae3-ae67-10f5ce608164
a9d55fcb-7c05-41e2-9667-5a48ba426f93,AR,South,2009 Dodge 4x4 Type I Ambulance,2009,30000,type-1,Dodge,Dodge,2-door-commercial,,,123460,,,,,2026-08-07T01:05:51.595Z,a81d9a9c-4e1f-4d12-8a69-c1f20a885b44
6b161ba7-6f8e-4331-b0fa-2104f5e734a2,AR,South,1993 GMC Leach Rear Loader,1993,12000,rear_loader,GMC,Leach,2-door-commercial,diesel,,352698,,,,,2026-07-28T19:54:04.343Z,a05a1ae8-85b2-4ae3-ae67-10f5ce608164
8556d2c5-f0ab-4afb-bd2d-37286b25f80b,AR,South,2003 American LaFrance Freightliner Pumper,2003,38000,pumper-engine,Freightliner,American LaFrance,4-door-commercial,,,136573,,,1250,500,2026-08-10T17:02:38.097Z,fa257783-f061-4187-9eac-110ffe1f7c13
2336b99f-ea9e-42f1-be05-4b3910994928,AR,South,SCBA's  Multiple,,500,,,,,,,,,,,,2026-06-22T21:03:13.897Z,b28116b1-22b6-46b3-81c4-d0066cd02437
644e655a-98f4-472b-ad59-7a0dca3fc876,CA,West,2019 Ford F650 Type 3 Wildland Unit,2019,215000,wildland-unit,Ford,Ford,custom,diesel,,11884,,,500,500,2026-08-11T22:14:16.529Z,f3b8e9a7-fcba-45c1-8eb0-c1f645a9a557
eb7da411-493f-4410-a202-1c2d114e1f5d,CA,West,2023 International TRUVAC Hydrovac,2023,365000,hydrovac,International,TRUVAC,2-door-commercial,diesel,,29971,,3383,10,800,2026-07-27T23:27:25.087Z,399f25f9-1380-427d-a067-7e931d2d4dde
233a3d33-0d66-4578-8fb7-d31b5a0f91db,CA,West,2022 Fouts Brothers Ford 4x4 Mini Pumper,2022,275000,mini-pumper,Ford,Fouts Brothers,4-door-commercial,diesel,,8800,,,1500,300,2026-08-04T20:12:11.140Z,6fe8c974-200e-4e53-b687-4988ae13f4ee
5e1cc3d3-78c8-4008-830d-9f4a68547fb6,CA,West,2024 Schwarze M6 Avalanche Street Sweeper - 2024 Freightliner M2 106,2024,335000,,Freightliner,,2-door-commercial,diesel,,890,35,,,,2026-08-05T14:30:43.920Z,0c5e300a-0a31-4ed4-a040-f82808f0d723
543ed305-c111-4d77-9582-e1aa0923a856,CA,West,2023 Peterbilt 567 Dump Truck,2023,179500,dump-truck,Peterbilt,,2-door-commercial,,,121827,5311,,,,2026-08-10T13:23:29.681Z,3e918b89-8111-4445-ab7e-2c9b49127342
890adb7d-e4af-49f9-9dde-b7578a4933f9,CA,West,2021 Peterbilt 348 Dump Truck,2021,131890,dump-truck,Peterbilt,,2-door-commercial,diesel,,266379,7251,,,,2026-08-05T03:15:45.805Z,3e918b89-8111-4445-ab7e-2c9b49127342
1e369f81-2e40-4e3b-bbbb-b3f6cc13a107,CA,West,2016 International 8600 Tanker,2016,93500,tanker-tender,International,International,custom,diesel,,106468,,,,4000,2026-08-04T15:27:00.596Z,fb52f135-446f-4724-b502-a8d9c4f58493
b94053c4-d145-413b-90ae-1bae7cb62f6e,CA,West,2022 Peterbilt 579 Dump Truck,2022,105000,dump-truck,Peterbilt,,2-door-commercial,diesel,,409000,,,,,2026-07-29T20:37:52.766Z,3e918b89-8111-4445-ab7e-2c9b49127342
acd7a44c-d3f6-46ab-8315-634e7455750b,CA,West,2023 Ford F-650 XL Dump Truck,2023,79500,dump-truck,Ford,,2-door-commercial,,,24168,,,,,2026-08-10T14:54:27.403Z,3e918b89-8111-4445-ab7e-2c9b49127342
817426f9-ed4a-4865-a98c-c4c5e1f72f1f,CA,West,2019 Tanker,2019,65010,tanker-tender,Other,Other,custom,diesel,,7436,,,,2000,2026-08-10T14:54:17.103Z,fb52f135-446f-4724-b502-a8d9c4f58493
e7789f45-2204-4dbd-9efa-eb8a6b8e0b7d,CA,West,2001 Westates HME Pumper,2001,50000,pumper-engine,HME,Westates,custom,,,9153,1456,68,1500,650,2026-08-10T14:54:28.696Z,fa257783-f061-4187-9eac-110ffe1f7c13
2fa5ec13-ec14-4d5f-83a8-4b31c5cc9883,CA,West,2020 International DuraStar 4300 Dump Truck,2020,62000,dump-truck,International,,2-door-commercial,,,38850,,,,,2026-08-10T14:54:26.974Z,3e918b89-8111-4445-ab7e-2c9b49127342
424605ba-cfad-4941-adcf-377a3e4391c7,CA,West,2019 Freightliner M2 106 Tanker,2019,81000,tanker-tender,Freightliner,Freightliner,custom,diesel,,22926,,,,2000,2026-08-04T15:28:33.687Z,fb52f135-446f-4724-b502-a8d9c4f58493
5690ad20-0265-4e09-aaab-13c32f96bade,CA,West,2018 Peterbilt 367 Dump Truck,2018,170000,dump-truck,Peterbilt,,2-door-commercial,,,204653,,,,,2026-08-09T21:26:58.562Z,3e918b89-8111-4445-ab7e-2c9b49127342
0b490dd2-1261-4e02-a8f5-dcb2594c0c00,CA,West,2020 Kenworth T270 Dump Truck,2020,100000,dump-truck,Kenworth,,2-door-commercial,,,13145,,,,,2026-08-07T18:41:02.645Z,3e918b89-8111-4445-ab7e-2c9b49127342
372b7da5-ef20-4688-9e8c-0f7db47e667d,CA,West,2020 Peterbilt 567 Dump Truck,2020,150000,dump-truck,Peterbilt,,2-door-commercial,,,296191,13434,,,,2026-08-09T21:26:47.443Z,3e918b89-8111-4445-ab7e-2c9b49127342
55385e0f-90ed-47bc-af12-9d9c70e7d119,CA,West,2020 Peterbilt 579 Dump Truck,2020,109000,dump-truck,Peterbilt,,2-door-commercial,diesel,,360407,,,,,2026-07-16T17:58:50.718Z,3e918b89-8111-4445-ab7e-2c9b49127342
8da8b3a7-a212-40f1-a04a-bf990f80f9fb,CA,West,2011 Kenworth T660 Bearcat 501 System Oil Asphalt Distributor Truck,2011,215000,,Kenworth,,2-door-commercial,diesel,,340000,,,,,2026-08-05T14:30:36.786Z,0c5e300a-0a31-4ed4-a040-f82808f0d723
952f6e37-7b8c-4e55-8318-c6c53483649b,CA,West,2020 Peterbilt 579 Dump Truck,2020,141900,dump-truck,Peterbilt,,2-door-commercial,,,376150,,,,,2026-08-06T15:11:09.492Z,3e918b89-8111-4445-ab7e-2c9b49127342
cc5069a6-ee8e-41d7-9fb6-5a9f5e085069,CA,West,2011 Ford F550 4x4 Quick Attack,2011,130000,quick-attack,Ford,Ford,4-door-commercial,diesel,,7416,,87,250,400,2026-07-16T17:13:22.482Z,6fe8c974-200e-4e53-b687-4988ae13f4ee
c0383697-a0dd-4d80-b4f1-96bd7127deac,CA,West,2022 Chevrolet W5500 Dump Truck,2022,64900,dump-truck,Chevrolet,,2-door-commercial,,,35550,,,,,2026-08-07T19:08:36.988Z,3e918b89-8111-4445-ab7e-2c9b49127342
eb1a4238-58c9-4182-88e9-8a8ba904139f,CA,West,2019 Ford F750 Tanker,2019,81950,tanker-tender,Ford,Ford,custom,diesel,,160320,,,,2000,2026-08-04T15:22:57.018Z,fb52f135-446f-4724-b502-a8d9c4f58493
3f986483-c265-41a0-93e4-4ac9c8c20a86,CA,West,2015 Volvo VHD Septic,2015,80000,septic,Volvo,Other,2-door-commercial,,,106000,,,338,3400,2026-08-06T19:24:25.040Z,399f25f9-1380-427d-a067-7e931d2d4dde
ddee4e8a-f554-4fb7-b3cc-9b8bde655a56,CA,West,2015 International 4300 Tanker,2015,77000,tanker-tender,International,International,custom,diesel,,76082,7930,,,2000,2026-08-04T15:25:16.513Z,fb52f135-446f-4724-b502-a8d9c4f58493
0c12f763-c37f-41e1-8b2c-7593fe94a0aa,CA,West,2015 Ford F750 Tanker,2015,78000,tanker-tender,Ford,Ford,custom,diesel,,12644,,,,2000,2026-08-04T15:21:00.838Z,fb52f135-446f-4724-b502-a8d9c4f58493
7b88e8ef-6c0a-4c0c-9233-cf37a20ace4c,CA,West,2015 International Pumper,2015,469000,pumper-engine,International,Other,4-door-commercial,diesel,,26000,,103,1200,1200,2026-07-28T20:28:25.189Z,fa257783-f061-4187-9eac-110ffe1f7c13
489b08ec-08b2-40f2-8f44-5db3cf280a3a,CA,West,2015 Peterbilt 567 Dump Truck,2015,115000,dump-truck,Peterbilt,,2-door-commercial,diesel,,254000,,,,,2026-08-07T19:27:40.077Z,3e918b89-8111-4445-ab7e-2c9b49127342
7c7e22d9-da4e-42b3-9f84-eedc4ad74a27,CA,West,2007 Pierce Enforcer Pumper,2007,135000,pumper-engine,Pierce,Pierce,custom,diesel,,37909,10870,,1250,750,2026-07-22T03:18:02.882Z,fa257783-f061-4187-9eac-110ffe1f7c13
ab7f91b4-e37a-4baa-a69d-fe135742ade9,CA,West,2018 Kenworth T880 Dump Truck,2018,110000,dump-truck,Kenworth,,2-door-commercial,diesel,,320000,,,,,2026-08-05T19:53:34.089Z,3e918b89-8111-4445-ab7e-2c9b49127342
fb93bb7f-f7fe-49ce-ace9-e0c427384f5e,CA,West,2015 Freightliner M2 Tanker,2015,93500,tanker-tender,Freightliner,Freightliner,2-door-commercial,diesel,,192285,,,750,4000,2026-08-12T20:53:47.209Z,fb52f135-446f-4724-b502-a8d9c4f58493
7f8263f7-2f33-4350-88fd-79b17baac7ea,CA,West,2018 Peterbilt 579 Sleeper Cab,2018,159000,dump-truck,Peterbilt,,2-door-commercial,diesel,,340800,,,,,2026-07-16T17:58:37.589Z,3e918b89-8111-4445-ab7e-2c9b49127342
5a58267b-53e7-4099-af01-3bc82855a598,CA,West,2015 Peterbilt 348 Dump Truck,2015,60000,dump-truck,Peterbilt,,2-door-commercial,diesel,,249480,,,,,2026-07-30T16:58:12.084Z,3e918b89-8111-4445-ab7e-2c9b49127342
fb1cc8a8-17be-4c53-8c72-16969e2cc9ee,CO,West,2024 Oshkosh 6x6 Pumper Tanker,2024,3200000,other-apparatus,Oshkosh,Other,custom,,,0,,,,2000,2026-07-31T18:35:05.743Z,6092aee6-fe58-436b-b005-d30d30c4b98b
24c1802f-302c-4701-9ca9-695f5e15e1cf,CO,West,Brand New QTAC 400G Firefighting Skids (2),,20000,other-apparatus,Amertek,Wildfire,custom,,,0,,,,,2026-08-13T22:06:01.768Z,6092aee6-fe58-436b-b005-d30d30c4b98b
9298f08d-f633-4f9f-ae49-1ea696308fc6,CO,West,2016 Mack DaDee Automated Side Loader,2016,100000,automated_side,Mack,DaDee,2-door-commercial,,,89000,9043,,,,2026-08-11T19:20:18.364Z,a05a1ae8-85b2-4ae3-ae67-10f5ce608164
086615aa-1afa-4775-aa38-fa3faef7de32,CO,West,1999 John Deere 644H Loader,1999,44999,,Other,,2-door-commercial,diesel,,1234,6784,,,,2026-08-14T13:16:17.318Z,55cb358d-1515-4019-b4f7-1b49d96099cd
2f839aa5-9b2d-4010-af7e-bc450f24eca8,CO,West,2006 Pierce Saber Heavy Rescue,2006,19000,heavy-rescue,Pierce,Pierce,custom,diesel,,150000,11500,0,0,0,2026-06-18T03:00:16.293Z,86aa5c3b-3965-4a9a-b2f8-fbcb5d0ca70a
074ee11b-3fb3-48f2-a4cc-a65d9df13710,CO,West,2003 McCoy Miller Ford Type III Ambulance,2003,17800,type-3,Ford,McCoy Miller,2-door-commercial,diesel,,49631,,,,,2026-08-01T17:30:49.045Z,a81d9a9c-4e1f-4d12-8a69-c1f20a885b44
8706e5e5-debe-47b4-a3b2-3bd7ca66b6d1,CO,West,2015 LifeLine Ford 4x4 Type I Ambulance,2015,50000,type-1,Ford,LifeLine,2-door-commercial,diesel,,107377,5093,,,,2026-06-30T17:02:59.303Z,a81d9a9c-4e1f-4d12-8a69-c1f20a885b44
7c19781e-8544-4f74-a285-beb1b7ff3d79,CO,West,1994 Pierce 100' Aerial,1994,45000,aerial-ladder,Pierce,Pierce,custom,diesel,,49603,11587,,2000,300,2026-07-03T03:00:44.288Z,32a48e35-feaf-449b-86e1-7631bc0b3968
26000970-af92-464b-9361-c9ffb33cfa38,CO,West,RevolveAir 5016,,5500,,,,,,,,,,,,2026-08-11T01:15:56.639Z,b28116b1-22b6-46b3-81c4-d0066cd02437
e3d1a1dc-efb0-4a67-81f1-8e9e875ca898,CO,West,Honeywell nighthawk structural fire boots. Brand new out of box size Men’s 7.,,600,,,,,,,,,,,,2026-01-16T20:26:46.666Z,b28116b1-22b6-46b3-81c4-d0066cd02437
841f5a6c-43ac-4ea7-874d-32ad1be417bc,CO,West,SVI Rescue box,,5000,,,,,,,,,,,,2026-08-11T01:16:34.844Z,b28116b1-22b6-46b3-81c4-d0066cd02437
89fea8b2-fd04-4f07-b9f0-c46a1372c2c1,CT,Northeast,2003 Pierce TL100 100' Quint,2003,165000,quint,Pierce,Pierce,custom,diesel,,35000,,,1250,200,2026-07-16T17:13:14.858Z,32a48e35-feaf-449b-86e1-7631bc0b3968
906afabe-f003-4088-bca2-28b02b8124c1,CT,Northeast,1998 Smeal Spartan 75' Aerial,1998,44900,aerial-ladder,Spartan,Smeal,custom,diesel,,47352,9712,,1500,500,2026-06-11T03:03:46.295Z,32a48e35-feaf-449b-86e1-7631bc0b3968
45820e00-3860-4a24-8f50-c80fe9777bec,CT,Northeast,2026 Ford F-550 4x4 Type I Ambulance,2026,369600,type-1,Ford,Ford,2-door-commercial,diesel,,0,,,,,2026-07-15T21:18:52.200Z,a81d9a9c-4e1f-4d12-8a69-c1f20a885b44
474470dd-b559-49fc-b9a6-b7fce1b208f9,CT,Northeast,2026 PL-Custom Ford Type III Ambulance,2026,233900,type-3,Ford,PL-Custom,2-door-commercial,gasoline,,0,,,,,2026-07-15T21:18:52.293Z,a81d9a9c-4e1f-4d12-8a69-c1f20a885b44
68bc4a69-a103-41df-af26-d6103741feb8,CT,Northeast,2025 Ford F-350 4x4 Command Unit,2025,179774,command-unit,Ford,Ford,4-door-commercial,diesel,,0,,,,,2026-07-15T23:33:29.858Z,804902f4-571d-45ba-a152-ba389e77cdf8
33eb69e8-6ac2-4438-b1cb-49e760a11450,CT,Northeast,2021 Ford Stellar 4x4 Hooklift,2021,75000,hooklift,Ford,Stellar,2-door-commercial,diesel,,133000,,,,,2026-08-06T19:07:36.913Z,bab99702-5935-4654-a9bb-fcc8d593c293
48775501-ede1-4fbe-ba65-e099be21b36e,CT,Northeast,2021 Volvo VHD,2021,155000,dump-truck,Volvo,,2-door-commercial,diesel,,115000,,,,,2026-07-16T17:58:44.815Z,3e918b89-8111-4445-ab7e-2c9b49127342
47f491c8-6b8d-4c61-ba31-26aaeac0551b,CT,Northeast,2016 Ford Explorer 4x4 Command Truck,2016,21000,command-truck,Ford,Ford,4-door-commercial,gasoline,,112305,,,,,2026-08-06T19:15:13.629Z,804902f4-571d-45ba-a152-ba389e77cdf8
403d90f2-8add-4468-9639-fd5ba2aceea5,CT,Northeast,2015 Freightliner McNeilus Rear Loader,2015,50000,rear_loader,Freightliner,McNeilus,2-door-commercial,diesel,,83000,,,,,2026-07-15T21:18:51.967Z,a05a1ae8-85b2-4ae3-ae67-10f5ce608164
e99e3716-7e79-4f91-af20-6c3f559ae8b4,CT,Northeast,2006 Smeal Spartan Pumper,2006,65000,pumper-engine,Spartan,Smeal,custom,diesel,,22500,2518,,1500,500,2026-08-13T19:40:23.570Z,fa257783-f061-4187-9eac-110ffe1f7c13
58ce31a8-79ff-455d-9bf5-408c4825bed7,CT,Northeast,2001 Smeal HME 105' Aerial,2001,50000,aerial-ladder,HME,Smeal,custom,diesel,,17594,,,0,,2026-08-11T01:16:42.344Z,32a48e35-feaf-449b-86e1-7631bc0b3968
aad4aa72-4c5e-412b-852a-aeb87888ad2b,CT,Northeast,2003 Pierce Heavy Rescue,2003,75000,heavy-rescue,Pierce,Pierce,4-door-commercial,diesel,,27000,,,,,2026-08-14T15:59:21.962Z,86aa5c3b-3965-4a9a-b2f8-fbcb5d0ca70a
86c2fa4d-ad10-4908-959a-29374233af5c,CT,Northeast,2011 Wheeled Coach GMC Type I Ambulance,2011,50000,type-1,GMC,Wheeled Coach,4-door-commercial,diesel,,14350,,,,,2026-07-27T15:07:28.043Z,a81d9a9c-4e1f-4d12-8a69-c1f20a885b44
230dc065-85aa-4488-95e5-eb48108a9427,CT,Northeast,2001 Central States HME Pumper,2001,70000,pumper-engine,HME,Central States,custom,diesel,,31587,2376,,2000,500,2026-08-10T14:54:08.740Z,fa257783-f061-4187-9eac-110ffe1f7c13
4ff8557c-5d36-44dc-a7af-2b82781922fd,CT,Northeast,2003 Spartan Heavy Rescue,2003,115000,heavy-rescue,Spartan,Spartan,custom,diesel,,31209,2317,,,,2026-08-10T14:54:05.647Z,86aa5c3b-3965-4a9a-b2f8-fbcb5d0ca70a
0f171c9a-6ae8-4a1a-b8e3-f5ea9f311257,CT,Northeast,1998 4 Guys Ford 4x4 Heavy Rescue,1998,25000,heavy-rescue,Ford,4 Guys,2-door-commercial,diesel,,11030,,,,,2026-08-10T19:04:45.384Z,86aa5c3b-3965-4a9a-b2f8-fbcb5d0ca70a
a2b26e35-65fa-4b62-b0cf-36d059545d83,CT,Northeast,2003 Ford Command Unit,2003,35000,command-unit,Ford,Ford,4-door-commercial,,,13000,,,,,2026-08-10T18:09:48.535Z,804902f4-571d-45ba-a152-ba389e77cdf8
5161a5af-1786-416d-b38d-052e0f56b3e2,CT,Northeast,2001 KME Predator Pumper,2001,25000,pumper-engine,KME,KME,custom,diesel,,33679,5122,,1500,750,2026-08-13T15:50:06.341Z,fa257783-f061-4187-9eac-110ffe1f7c13
9fd6ab04-6454-4e52-a1f2-8b129e022288,CT,Northeast,2001 Pierce Pumper,2001,75000,pumper-engine,Pierce,Pierce,4-door-commercial,,,38000,,,1500,750,2026-08-10T14:54:03.849Z,fa257783-f061-4187-9eac-110ffe1f7c13
2911e661-0c0a-48d2-9f75-c948db65b9cb,CT,Northeast,2015 International New Way Rear Loader,2015,30000,rear_loader,International,New Way,2-door-commercial,diesel,,153911,18312,,,,2026-08-12T12:23:15.514Z,a05a1ae8-85b2-4ae3-ae67-10f5ce608164
1310afcc-d359-4e53-9161-5daa6c84d4f7,CT,Northeast,2015 PL-Custom Chevrolet Type III Ambulance,2015,25000,type-3,Chevrolet,PL-Custom,2-door-commercial,diesel,,96703,,,,,2026-06-12T17:23:47.921Z,a81d9a9c-4e1f-4d12-8a69-c1f20a885b44
32f69c06-68ea-4459-b6e5-0cfff34bf811,CT,Northeast,2001 Pierce Heavy Rescue,2001,70000,heavy-rescue,Pierce,Pierce,4-door-commercial,,,38526,3670,,,,2026-08-12T15:59:11.832Z,86aa5c3b-3965-4a9a-b2f8-fbcb5d0ca70a
bd1fbfe5-3347-4842-b6c4-bde60f926cf6,CT,Northeast,1998 E-One Freightliner Pumper,1998,25000,pumper-engine,Freightliner,E-One,4-door-commercial,,,30542,,,1500,1000,2026-08-05T20:31:49.002Z,fa257783-f061-4187-9eac-110ffe1f7c13
df749977-0590-41e0-85e5-52b2d2bbcaf5,CT,Northeast,1997 Darley International Pumper Tanker,1997,49900,pumper-tanker,International,Darley,2-door-commercial,diesel,,20348,1495,,1500,1250,2026-06-10T15:13:14.265Z,fb52f135-446f-4724-b502-a8d9c4f58493
7e138dd9-12f2-495c-85b8-b593f50e0869,CT,Northeast,1984 GMC 1500 Series 3/4-Ton Pickup,1984,14500,,GMC,,custom,diesel,,110000,,,,,2026-06-26T20:37:11.653Z,92784232-ddd6-4355-aa20-a4cd50bb8074
66c8f51f-50e9-4b14-b863-822c513a020b,CT,Northeast,2010 PL-Custom Ford Type III Ambulance,2010,12500,type-3,Ford,PL-Custom,2-door-commercial,diesel,,204751,13627,,,,2026-06-11T03:01:12.263Z,a81d9a9c-4e1f-4d12-8a69-c1f20a885b44
e3b1b1b2-94c3-45a4-95f7-0741829e0a0a,CT,Northeast,1986 Darley Mack 4x4 Pumper,1986,33000,pumper-engine,Mack,Darley,2-door-commercial,diesel,,15822,,,1500,750,2026-06-10T15:13:14.265Z,fa257783-f061-4187-9eac-110ffe1f7c13
4ccc6103-c2cd-47a2-a709-6a8daf429f54,CT,Northeast,1998 KME Ford 4x4 Pumper,1998,29000,pumper-engine,Ford,KME,2-door-commercial,diesel,,20870,,,1250,500,2026-07-29T21:48:31.803Z,fa257783-f061-4187-9eac-110ffe1f7c13
18d7ac1e-29d6-446f-8d67-46a51b1c7665,CT,Northeast,1993 Mack Dump Truck,1993,36500,dump-truck,Mack,,2-door-commercial,diesel,,350000,,,,,2026-06-26T20:29:02.241Z,3e918b89-8111-4445-ab7e-2c9b49127342
647772cf-acb3-456b-aa80-63820eeb4996,CT,Northeast,1999 Mack MR688P Pumper,1999,40000,pumper-engine,Mack,Mack,4-door-commercial,diesel,,36000,2694,,1500,1000,2026-06-10T15:13:14.265Z,fa257783-f061-4187-9eac-110ffe1f7c13
a692e067-fe09-4821-869f-00c2484bbed7,CT,Northeast,2001 Spartan Gladiator Pumper,2001,45000,pumper-engine,Spartan,Spartan,custom,diesel,,77861,5413,,1500,750,2026-06-10T15:13:14.265Z,fa257783-f061-4187-9eac-110ffe1f7c13
6f06e48a-ae2e-4394-9a2a-08e26d2a7ee0,CT,Northeast,1996 International American Hooklift Roll-Off,1996,1500,roll_off,International,American Hooklift,2-door-commercial,diesel,,175000,30881,,,,2026-08-07T01:02:31.983Z,bab99702-5935-4654-a9bb-fcc8d593c293
50df4b4d-efea-4932-939e-3f0ebb6f2951,FL,South,2026 Horton Ram 4x4 Type I Ambulance,2026,239000,type-1,Ram,Horton,2-door-commercial,diesel,,125,5,,,,2026-07-30T14:07:57.089Z,a81d9a9c-4e1f-4d12-8a69-c1f20a885b44
786e62b8-91ed-4d23-83a0-a13dc0a6c7e7,FL,South,2011 E-One Typhoon Pumper,2011,250000,pumper-engine,E-One,E-One,custom,diesel,,74181,7080,,1500,780,2026-07-16T19:41:40.804Z,fa257783-f061-4187-9eac-110ffe1f7c13
a5598877-83c6-42ec-a974-3fd95039e7a2,FL,South,2022 Ford Explorer 4x4 Command Unit,2022,23000,command-unit,Ford,Ford,custom,gasoline,,30000,1900,,,,2026-08-13T17:56:19.154Z,804902f4-571d-45ba-a152-ba389e77cdf8
e37495d1-ea6b-4345-9c16-b1de33d88190,FL,South,2015 Ford Super Duty 4x4 Brush Truck,2015,185000,brush-truck,Ford,Ford,2-door-commercial,gasoline,,14118,,,75,300,2026-07-27T19:06:52.372Z,6fe8c974-200e-4e53-b687-4988ae13f4ee
4117e15d-de0b-463e-a78c-782285c952d3,FL,South,2013 Pierce Velocity 75' Aerial,2013,115000,aerial-ladder,Pierce,Pierce,custom,diesel,,120579,13446,487,1500,500,2026-07-16T17:13:17.553Z,32a48e35-feaf-449b-86e1-7631bc0b3968
36089dc1-d7eb-47f2-b171-01b838fc12ba,FL,South,2005 Pierce Kenworth Tanker,2005,215000,tanker-tender,Kenworth,Pierce,2-door-commercial,,,20375,2113,,500,2000,2026-07-28T17:07:24.558Z,fb52f135-446f-4724-b502-a8d9c4f58493
130d5cd9-889e-4268-b5b5-df516c313028,FL,South,2018 Peterbilt 348 Dump Truck,2018,50000,dump-truck,Peterbilt,,2-door-commercial,diesel,,450000,18625,,,,2026-08-14T14:40:47.615Z,3e918b89-8111-4445-ab7e-2c9b49127342
c0d14bf7-af22-4f2f-8d16-1d135a53e4a6,FL,South,2020 Chevrolet Tahoe Command Unit,2020,22000,command-unit,Chevrolet,Chevrolet,custom,gasoline,,31000,2000,,,,2026-08-13T18:00:10.438Z,804902f4-571d-45ba-a152-ba389e77cdf8
3b29f51d-e010-4c56-8333-bbf0ef0c0f8f,FL,South,2019 Peterbilt 567 Dump Truck,2019,115000,dump-truck,Peterbilt,,2-door-commercial,diesel,,635431,28028.5,,,,2026-06-11T03:01:48.610Z,3e918b89-8111-4445-ab7e-2c9b49127342
cce602dc-27b0-468e-8f83-c457afc9af61,FL,South,2004 Pierce Contender Pumper,2004,35900,pumper-engine,Pierce,Pierce,4-door-commercial,diesel,,37090,,,1000,1000,2026-08-10T13:25:08.000Z,fa257783-f061-4187-9eac-110ffe1f7c13
45a08d8c-c592-41c0-881a-98b3beab1aea,FL,South,2008 Rosenbauer Spartan Pumper,2008,55000,pumper-engine,Spartan,Rosenbauer,2-door-commercial,diesel,,108069,6100,,1500,750,2026-08-10T14:54:36.016Z,fa257783-f061-4187-9eac-110ffe1f7c13
72fe39b8-e9da-4dd7-8c60-f8434c243522,FL,South,2005 Sterling Semi,2005,55000,,Sterling,,2-door-commercial,diesel,,29000,,,,,2026-08-07T01:03:17.019Z,55cb358d-1515-4019-b4f7-1b49d96099cd
aa29db7c-7791-470c-9f5c-7d16c79c4ebf,FL,South,2017 Chevrolet Tahoe Command Unit,2017,27500,command-unit,Chevrolet,Chevrolet,4-door-commercial,gasoline,,61000,,,,,2026-06-10T15:13:14.265Z,804902f4-571d-45ba-a152-ba389e77cdf8
2590bfd0-b1bf-4622-98de-1c3a3968254d,FL,South,2009 Freightliner M2 Septic,2009,52000,septic,Freightliner,Other,2-door-commercial,,,287000,,,24,3400,2026-08-12T13:41:51.830Z,399f25f9-1380-427d-a067-7e931d2d4dde
9473eb19-5638-4a80-8a2f-c926b7f076dd,FL,South,2017 Ford F-750 Septic,2017,49500,septic,Ford,Other,2-door-commercial,diesel,,232582,,,304,2000,2026-08-07T01:03:00.428Z,399f25f9-1380-427d-a067-7e931d2d4dde
d166d2d6-2af1-4eda-bdbd-5a24ec232d8b,FL,South,2012 Peterbilt 348 Jetter,2012,93500,jetter,Peterbilt,,2-door-commercial,diesel,,268440,0,,3179,4000,2026-07-15T21:18:58.307Z,399f25f9-1380-427d-a067-7e931d2d4dde
b059d9df-66ec-4d5c-bb62-3aaea4a384a2,FL,South,1999 International Vac-Con Combination,1999,21900,combination,International,Vac-Con,,diesel,,105065,,9284,50,1800,2026-07-28T17:06:05.652Z,399f25f9-1380-427d-a067-7e931d2d4dde
e5227f94-fc5d-4928-935d-273f4b768cfc,FL,South,2016 Kenworth T880 Dump Truck,2016,90300,dump-truck,Kenworth,,2-door-commercial,diesel,,446171,,,,,2026-07-15T21:18:59.189Z,3e918b89-8111-4445-ab7e-2c9b49127342
ef4e8731-f38f-469f-9f18-a1b6a29c34c3,FL,South,1990 E-One Pumper,1990,17500,pumper-engine,E-One,E-One,custom,diesel,,40924,,,1750,,2026-06-10T15:13:14.265Z,fa257783-f061-4187-9eac-110ffe1f7c13
c509eefe-6bf3-4095-829c-eae38f675926,FL,South,2019 Peterbilt 367 Dump Truck,2019,95000,dump-truck,Peterbilt,,2-door-commercial,diesel,,383000,,,,,2026-08-05T15:34:54.694Z,3e918b89-8111-4445-ab7e-2c9b49127342
5f83942a-dbb8-4a3c-a046-9aa1f39919ec,FL,South,2006 Pierce 105' Aerial,2006,49999,aerial-ladder,Pierce,Pierce,custom,diesel,,66580,,,,,2026-08-08T11:40:33.723Z,32a48e35-feaf-449b-86e1-7631bc0b3968
fad67aa6-b7d0-4936-9960-8d1f008e08cc,FL,South,2004 Pierce Quantum Pumper,2004,30000,pumper-engine,Pierce,Pierce,custom,diesel,,36045,2290,,1500,500,2026-06-10T15:13:14.265Z,fa257783-f061-4187-9eac-110ffe1f7c13
1642e02f-434c-4d01-846f-789c20830166,FL,South,2009 Pierce Pumper,2009,24999,pumper-engine,Pierce,Pierce,custom,diesel,,112000,1981,,1500,750,2026-08-08T11:40:00.827Z,fa257783-f061-4187-9eac-110ffe1f7c13
2f2b3a14-a17b-4037-9188-4e9d321d2e85,FL,South,2015 Freightliner M2 107 Type I Ambulance,2015,55000,type-1,Freightliner,Freightliner,2-door-commercial,diesel,,178450,,,,,2026-07-13T15:00:24.977Z,a81d9a9c-4e1f-4d12-8a69-c1f20a885b44
141e30ea-28ce-4474-8d39-77a0c85f361d,FL,South,2004 E-One International Commercial Air Truck,2004,80000,other-apparatus,International,E-One,2-door-commercial,diesel,,99981,7407,,0,0,2026-06-10T15:13:14.265Z,6092aee6-fe58-436b-b005-d30d30c4b98b
a06c12fe-92ed-477e-8b08-6448236d094e,FL,South,1998 Ferrara Freightliner Pumper,1998,20000,pumper-engine,Freightliner,Ferrara,4-door-commercial,diesel,,100000,270,2233,1500,750,2026-07-02T03:00:38.198Z,fa257783-f061-4187-9eac-110ffe1f7c13
eba79ed4-7dcb-4ae3-b481-8b1931b1e5eb,FL,South,2007 International Vac-Con Hydrovac,2007,44000,hydrovac,International,Vac-Con,2-door-commercial,diesel,,37651,,7693,80,2000,2026-07-15T13:09:10.322Z,399f25f9-1380-427d-a067-7e931d2d4dde
0c902476-a76b-425b-877d-023424eda147,FL,South,2002 Malibu Wakesetter LSV,2002,15000,,Other,,custom,diesel,,0,1105,,,,2026-06-22T20:14:00.359Z,79c8d05c-40dd-468d-9730-09a47f70150f
0a486716-8d06-4b1f-825b-b20d6e92b1ce,FL,South,1981 American LaFrance 100' Aerial,1981,23500,aerial-ladder,American LaFrance,American LaFrance,custom,diesel,,28600,,,,,2026-06-11T03:02:11.654Z,32a48e35-feaf-449b-86e1-7631bc0b3968
901b3228-bb88-4124-b33b-b0b64a09c24b,FL,South,2006 Sterling 9500 Dump Truck,2006,44000,dump-truck,Sterling,,2-door-commercial,diesel,,1000000,,,,,2026-06-25T03:00:22.191Z,3e918b89-8111-4445-ab7e-2c9b49127342
dd1a211e-e343-4243-847d-fbf67b73d250,FL,South,Barely used 40 ft shipping container,,2322,,,,,,,,,,,,2026-08-11T01:17:53.106Z,b28116b1-22b6-46b3-81c4-d0066cd02437
79e367b0-2c98-4411-8c4f-606db1fbcc40,FL,South,CPR Training baby doll w/ lockbox & key,,50,,,,,,,,,,,,2026-01-16T20:27:03.755Z,b28116b1-22b6-46b3-81c4-d0066cd02437
9dc72390-a264-4cfd-b30a-f11a1cd13f47,GA,South,2022 Mack Vermeer Hydrovac,2022,325000,hydrovac,Mack,Vermeer,2-door-commercial,,,124000,,680,10,2000,2026-07-21T15:11:16.264Z,399f25f9-1380-427d-a067-7e931d2d4dde
fc907a9c-adef-4cb1-8a2d-330af5628cc8,GA,South,2021 Deep South International 4x4 Quick Attack,2021,325000,quick-attack,International,Deep South,4-door-commercial,diesel,,3822,,,750,500,2026-07-23T20:36:01.702Z,6fe8c974-200e-4e53-b687-4988ae13f4ee
671a481b-832e-4d38-bebb-d4b918e124e2,GA,South,2019 International Loadmaster Rear Loader,2019,75000,rear_loader,International,Loadmaster,2-door-commercial,diesel,,159524,,,,,2026-07-16T17:58:44.250Z,a05a1ae8-85b2-4ae3-ae67-10f5ce608164
caaa1785-61bf-4a59-a3ec-db0905a23dfe,GA,South,2007 International Vactor Hydrovac,2007,38000,hydrovac,International,Vactor,2-door-commercial,,,43000,,,,1500,2026-08-06T22:42:05.323Z,399f25f9-1380-427d-a067-7e931d2d4dde
ac6be1e7-8a11-4cfd-b617-43f6a340147e,GA,South,2000 E-One 50' Telesquirt,2000,70000,telesquirt,E-One,E-One,custom,diesel,,22585,,,1250,350,2026-08-10T14:54:23.849Z,32a48e35-feaf-449b-86e1-7631bc0b3968
368d2964-442d-4faa-b451-4a624fd4606f,GA,South,1997 Ford L9000 Dump Truck,1997,35000,dump-truck,Ford,,2-door-commercial,,,250,,,,,2026-08-14T18:07:11.923Z,3e918b89-8111-4445-ab7e-2c9b49127342
2bdd8cd2-8744-4d8d-9480-1b91b8ec08be,GA,South,2006 Chevrolet 4x4 Type III Ambulance,2006,5000,type-3,Chevrolet,Chevrolet,2-door-commercial,gasoline,,170515,,,,,2026-08-03T13:17:29.944Z,a81d9a9c-4e1f-4d12-8a69-c1f20a885b44
179509b9-03a9-43d5-a9cd-b426b4fcaa6f,GA,South,2016 Braun International Type I Ambulance,2016,23750,type-1,International,Braun,2-door-commercial,diesel,,204385,,,,,2026-06-24T03:00:19.713Z,a81d9a9c-4e1f-4d12-8a69-c1f20a885b44
dd052670-05e6-40e0-9272-ef6a4698ac66,GA,South,1999 E-One E one Pumper,1999,25000,pumper-engine,E-One,E-One,4-door-commercial,diesel,,42000,2600,100,1260,1250,2026-07-24T14:52:22.319Z,fa257783-f061-4187-9eac-110ffe1f7c13
c72abd02-e7be-407c-b30a-38bf51a3c01e,GA,South,1997 Ford L900 Dump Truck,1997,33000,dump-truck,Ford,,2-door-commercial,diesel,,650000,,,,,2026-08-07T17:47:27.111Z,3e918b89-8111-4445-ab7e-2c9b49127342
f9c688a9-82d3-4aae-8287-93279e4e93f4,GA,South,Tempest Easy 4000 Fan,,90000,,,,,,,,,,,,2026-08-11T01:15:58.270Z,b28116b1-22b6-46b3-81c4-d0066cd02437
81125c91-0588-43b2-adb2-81536f4a3bd8,GA,South,Scott X3 5.5 SCBA 2013 NFPA,2013,1975,,,,,,,,,,,,2026-01-16T20:26:44.618Z,b28116b1-22b6-46b3-81c4-d0066cd02437
c5092eaa-0195-403d-b383-76456f2eccde,GA,South,"Scott 5.5, 45 Min Cylinder, Snap Change Valve ",,625,,,,,,,,,,,,2026-01-16T20:27:03.461Z,b28116b1-22b6-46b3-81c4-d0066cd02437
a13094c8-9180-4788-b186-2a35004a7202,GA,South,EMS Supplies sold separately,,1,,,,,,,,,,,,2026-06-22T15:15:42.554Z,d549ecd8-c182-4a33-939a-c54f2be00b6a
62e0ddbe-1d4f-4df7-8fd5-b00570a96d3d,ID,West,2002 AM General Tanker,2002,150000,tanker-tender,AM General,AM General,2-door-commercial,diesel,,4336,58,21,750,3000,2026-07-29T23:00:11.149Z,fb52f135-446f-4724-b502-a8d9c4f58493
654cba20-57a8-40b3-8872-180d0dcfe521,ID,West,2008 Ford 4x4 Light Rescue,2008,30000,light-rescue,Ford,Other,4-door-commercial,gasoline,,85090,,,0,0,2026-07-23T13:43:57.600Z,86aa5c3b-3965-4a9a-b2f8-fbcb5d0ca70a
728802c8-2819-462f-b494-94e3b87854bc,ID,West,2004 GMC Brush Truck,2004,55000,brush-truck,GMC,GMC,4-door-commercial,gasoline,,8569,,,,300,2026-07-06T17:50:51.972Z,6fe8c974-200e-4e53-b687-4988ae13f4ee
63d89a19-2722-4202-b616-eb865dcfe1cd,ID,West,1998 Western Star 4900 Dump Truck,1998,50000,dump-truck,Western Star,,2-door-commercial,diesel,,100000,0,,,,2026-07-31T17:24:38.242Z,3e918b89-8111-4445-ab7e-2c9b49127342
823b3593-233f-4936-af1f-89b0586fa684,ID,West,1988 E-One Chevrolet Light Rescue,1988,16000,light-rescue,Chevrolet,E-One,2-door-commercial,,,23888,,,,,2026-07-16T22:09:37.657Z,86aa5c3b-3965-4a9a-b2f8-fbcb5d0ca70a
d8eb2f49-7ff1-46eb-b14f-da3465e93e34,IL,Midwest,2012 Dodge Type I Ambulance,2012,20000,type-1,Dodge,Dodge,2-door-commercial,,,103000,,,,,2026-08-12T17:22:23.627Z,a81d9a9c-4e1f-4d12-8a69-c1f20a885b44
5dd73463-d1c6-4c5d-ba1b-5659970fe5a3,IL,Midwest,2002 Pierce Freightliner Pumper Tanker,2002,105000,pumper-tanker,Freightliner,Pierce,4-door-commercial,diesel,,24821,,,1250,2500,2026-07-26T01:48:19.003Z,fb52f135-446f-4724-b502-a8d9c4f58493
de118858-ff36-4f74-9cd4-34f2b2476954,IL,Midwest,2009 Pierce International 4x4 Pumper Tanker,2009,219900,pumper-tanker,International,Pierce,2-door-commercial,diesel,,53000,,,1250,2500,2026-07-29T20:54:26.572Z,fb52f135-446f-4724-b502-a8d9c4f58493
cc8b27b7-b867-4d5d-80d5-f6e28c343d9b,IL,Midwest,2010 Ferrara 77' Aerial,2010,340000,aerial-ladder,Ferrara,Ferrara,custom,diesel,,86484,11618,,1250,400,2026-08-13T17:15:01.127Z,32a48e35-feaf-449b-86e1-7631bc0b3968
6200e042-a93f-42f5-93ab-f777fbb1460e,IL,Midwest,2007 Darley Spartan 100' Aerial,2007,275000,aerial-ladder,Spartan,Darley,custom,gasoline,,18459,,,1500,350,2026-07-16T17:24:29.659Z,32a48e35-feaf-449b-86e1-7631bc0b3968
244d1b02-2b7f-4360-9afe-3340e8d6638e,IL,Midwest,2011 Spartan International Pumper,2011,124900,pumper-engine,International,Spartan,2-door-commercial,diesel,,77000,,,1250,1000,2026-07-29T18:43:18.820Z,fa257783-f061-4187-9eac-110ffe1f7c13
4301fedb-dffe-4c95-b950-72ac807ebba8,IL,Midwest,2006 Pierce Contender Pumper,2006,145000,pumper-engine,Pierce,Pierce,custom,diesel,,18363,1475,,1250,1000,2026-08-12T18:47:51.641Z,fa257783-f061-4187-9eac-110ffe1f7c13
e7d58353-ed6e-44f1-9abd-43bde9f379ce,IL,Midwest,2022 Osage Ford Type III Ambulance,2022,52500,type-3,Ford,Osage,2-door-commercial,gasoline,,111000,,,,,2026-07-15T21:18:59.291Z,a81d9a9c-4e1f-4d12-8a69-c1f20a885b44
81e5e49d-b6e6-463e-8116-45f794cb2b18,IL,Midwest,2006 Pierce Arrow XT Pumper Tanker,2006,179999,pumper-tanker,Pierce,Pierce,custom,diesel,,145500,,,1500,2000,2026-07-30T11:24:19.522Z,fb52f135-446f-4724-b502-a8d9c4f58493
5ed6e88d-618c-4cd9-9159-e0e3ec181b19,IL,Midwest,2007 Pierce Enforcer Pumper,2007,105000,pumper-engine,Pierce,Pierce,custom,diesel,,74469,,,1500,500,2026-07-16T17:13:23.044Z,fa257783-f061-4187-9eac-110ffe1f7c13
d963c8b2-fcc3-4eaf-b366-2e1ce0919217,IL,Midwest,2015 Pierce Impel Pumper,2015,189999,pumper-engine,Pierce,Pierce,custom,diesel,,137500,5985,,1250,750,2026-08-10T14:54:09.143Z,fa257783-f061-4187-9eac-110ffe1f7c13
c863f52a-037b-4611-b3b1-e470aa20c20a,IL,Midwest,2005 Pierce 55' Boom Truck,2005,50000,boom-truck,Pierce,Pierce,custom,diesel,,43614,4207,,1500,500,2026-08-10T14:54:24.320Z,32a48e35-feaf-449b-86e1-7631bc0b3968
a2ba207b-ad44-4e40-bc23-f78731a09cbe,IL,Midwest,2014 Rosenbauer Ford 4x4 Quick Attack,2014,105000,quick-attack,Ford,Rosenbauer,4-door-commercial,gasoline,,110600,,,200,300,2026-07-16T17:13:17.301Z,6fe8c974-200e-4e53-b687-4988ae13f4ee
8efd485a-e668-4961-bc91-a3e40c80ed44,IL,Midwest,2000 Ford F450 Dump Truck,2000,12000,dump-truck,Ford,,2-door-commercial,gasoline,,63500,,,,,2026-08-10T11:57:35.843Z,3e918b89-8111-4445-ab7e-2c9b49127342
45e7e909-a769-4d5f-9cf1-7497ed527d4b,IL,Midwest,2016 Ford Police Interceptor Utility 4x4 Command Unit,2016,15000,command-unit,Ford,Ford,4-door-commercial,gasoline,,92929,,,,,2026-08-11T14:18:52.333Z,804902f4-571d-45ba-a152-ba389e77cdf8
bc673b5e-bc1c-4357-b45f-4998343af08c,IL,Midwest,2013 E-One Typhoon Pumper,2013,179000,pumper-engine,E-One,E-One,custom,diesel,,117000,,,1250,800,2026-07-29T18:33:17.488Z,fa257783-f061-4187-9eac-110ffe1f7c13
435f88df-a5c9-4f24-946e-166e662b33c6,IL,Midwest,2011 MedTec International Type I Ambulance,2011,24999,type-1,International,MedTec,2-door-commercial,diesel,,98561,8014,,,,2026-08-14T13:47:54.784Z,a81d9a9c-4e1f-4d12-8a69-c1f20a885b44
e0f8f2f5-2acb-4cc2-84bd-e8f9ab72f0e9,IL,Midwest,2010 Metal Shark Relentless / USCG Patrol Response Boat,2010,98000,,,,custom,diesel,,,10,,,,2026-08-04T12:37:09.584Z,5c24e3d9-20f4-458c-bf24-7d25c8c46352
224f63fb-fdc0-4362-a134-65a4070d3577,IL,Midwest,1995 International Rescue Pumper,1995,20000,rescue-pumper,International,Other,4-door-commercial,diesel,,16176,,,500,500,2026-07-23T20:06:42.714Z,86aa5c3b-3965-4a9a-b2f8-fbcb5d0ca70a
a7641372-a122-4286-b5d8-03af5b8695cd,IL,Midwest,1997 Seagrave Maurauder Pumper,1997,50000,pumper-engine,Seagrave,Seagrave,custom,diesel,,41000,3653,,1250,750,2026-06-10T15:13:14.265Z,fa257783-f061-4187-9eac-110ffe1f7c13
d6e55da0-edba-4d71-919b-e5ee4d2f7481,IL,Midwest,1988 Alexis Peterbilt Pumper Tanker,1988,70000,pumper-tanker,Peterbilt,Alexis,custom,diesel,,34834,2220,,1250,3000,2026-08-11T01:16:10.924Z,fb52f135-446f-4724-b502-a8d9c4f58493
32db39c4-52c6-440d-b806-b49da7ae8f4b,IL,Midwest,2000 Ford F -350 4x4 Brush Truck,2000,70000,brush-truck,Ford,Ford,4-door-commercial,gasoline,,5268,235,,300,300,2026-06-16T21:41:51.092Z,6fe8c974-200e-4e53-b687-4988ae13f4ee
e8885c23-aacd-4ccc-a4ca-33eb0f1f872f,IL,Midwest,2008 Spartan Rosenbauer Pumper,2008,98900,pumper-engine,Rosenbauer,Spartan,custom,diesel,,127000,,,1250,750,2026-08-10T14:54:19.713Z,fa257783-f061-4187-9eac-110ffe1f7c13
7a868710-80b1-4765-954b-86dd9be5bc3d,IL,Midwest,2012 E-One eMax Pumper,2012,97500,pumper-engine,E-One,E-One,custom,,,135088,8504,,1500,750,2026-08-11T14:18:20.368Z,fa257783-f061-4187-9eac-110ffe1f7c13
76df6db2-1259-451e-bc76-1a65ecfda2ce,IL,Midwest,2000 KME International Pumper,2000,78500,pumper-engine,International,KME,2-door-commercial,diesel,,19305,1330,,1250,1000,2026-08-11T01:13:52.207Z,fa257783-f061-4187-9eac-110ffe1f7c13
15607466-8d08-443d-aaa2-9ce85dbb2772,IL,Midwest,1994 E-One Hurricane Pumper,1994,18000,pumper-engine,E-One,E-One,custom,diesel,,60000,6676,,1500,1000,2026-08-07T16:00:09.826Z,fa257783-f061-4187-9eac-110ffe1f7c13
ae2aaf8b-d329-4eb8-94f2-f7aed1c211c8,IL,Midwest,2001 Alexis Freightliner Pumper,2001,80000,pumper-engine,Freightliner,Alexis,4-door-commercial,diesel,,4400,,0,1250,1200,2026-08-10T14:54:30.336Z,fa257783-f061-4187-9eac-110ffe1f7c13
94137bf9-ccef-45a4-a178-b56bcf249569,IL,Midwest,1988 E-One Pumper,1988,60000,pumper-engine,E-One,E-One,custom,diesel,,28965,1821,1076,1500,1000,2026-06-11T18:33:47.803Z,fa257783-f061-4187-9eac-110ffe1f7c13
e4c44f40-325c-4ab2-aa29-6719307acfbb,IL,Midwest,1993 E-One GMC Quick Attack,1993,20000,quick-attack,GMC,E-One,2-door-commercial,gasoline,,22448,,,,,2026-06-10T15:13:14.265Z,6fe8c974-200e-4e53-b687-4988ae13f4ee
704e2cde-fe28-429f-be08-58ff2803266b,IL,Midwest,1998 GMC 4x4 Brush Truck,1998,30000,brush-truck,GMC,GMC,2-door-commercial,gasoline,,8790,,,500,250,2026-08-04T19:44:08.995Z,6fe8c974-200e-4e53-b687-4988ae13f4ee
913f02a9-9f17-4f67-b82a-da837fc14f27,IL,Midwest,2001 Sterling L7500 Dump Truck,2001,32000,dump-truck,Sterling,,2-door-commercial,diesel,,117333,,,,,2026-07-15T03:01:33.465Z,3e918b89-8111-4445-ab7e-2c9b49127342
d1edab3f-6d03-4ad6-9dfd-76d881be99c8,IN,Midwest,2024 Peterbilt Tornado Hydrovac,2024,595000,hydrovac,Peterbilt,Tornado,2-door-commercial,diesel,,45609,3666,1070,21,1550,2026-07-29T23:46:38.904Z,399f25f9-1380-427d-a067-7e931d2d4dde
7b7d7691-4e16-40d8-b8c0-0fe0fa9ea557,IN,Midwest,2023 Chevrolet Silverado 4x4 Command Unit,2023,63500,command-unit,Chevrolet,Chevrolet,4-door-commercial,gasoline,,13426,,,,,2026-07-15T23:33:30.662Z,804902f4-571d-45ba-a152-ba389e77cdf8
72d0655b-2f32-4689-8b5b-9dd84be92513,IN,Midwest,2017 Hackney Spartan Heavy Rescue,2017,500000,heavy-rescue,Spartan,Hackney,custom,diesel,,22300,2455,,,,2026-07-15T03:03:20.393Z,86aa5c3b-3965-4a9a-b2f8-fbcb5d0ca70a
eae21af5-95f4-46e4-828a-c752250aa0e5,IN,Midwest,2003 Pierce Dash 100' Platform,2003,369900,platform,Pierce,Pierce,custom,diesel,,87108,667,,2000,300,2026-07-16T17:13:17.168Z,d7e2cd9d-fd09-469a-ad5c-d2a1901b513e
c67a5fef-d21d-4ea6-bbf2-687ca08c4c38,IN,Midwest,2008 Spartan Ferrara Pumper,2008,170000,pumper-engine,Ferrara,Spartan,custom,,,27205,,,1500,1000,2026-08-10T19:56:41.443Z,fa257783-f061-4187-9eac-110ffe1f7c13
a2c481be-532c-4588-ac9f-77f72ad58853,IN,Midwest,2021 International Hooklift,2021,90000,hooklift,International,Other,2-door-commercial,diesel,,315000,10100,,,,2026-07-15T21:18:56.365Z,bab99702-5935-4654-a9bb-fcc8d593c293
38da33a3-d4a6-4df7-99d2-88fb454a0b91,IN,Midwest,2013 Ferrara Igniter 107' Aerial,2013,70000,aerial-ladder,Ferrara,Ferrara,custom,diesel,,64820,5856,,,,2026-08-10T14:54:11.845Z,32a48e35-feaf-449b-86e1-7631bc0b3968
08a00017-96f3-4afc-a0a1-300dbd40e0b8,IN,Midwest,2008 Ford 4x4 Light Rescue,2008,92500,light-rescue,Ford,Other,4-door-commercial,diesel,,33338,,,200,200,2026-07-27T19:15:28.945Z,86aa5c3b-3965-4a9a-b2f8-fbcb5d0ca70a
f75e5e0e-21f2-4fd4-ae18-963f0b232e31,IN,Midwest,1997 Smeal Spartan Pumper,1997,169900,pumper-engine,Spartan,Smeal,custom,diesel,,14041,5012,,1500,1000,2026-07-15T12:31:38.575Z,fa257783-f061-4187-9eac-110ffe1f7c13
14c0734d-a661-4669-8490-bbda1916a506,IN,Midwest,2002 Ford F-350 Brush Truck,2002,49000,brush-truck,Ford,Ford,2-door-commercial,,,11229,,,150,400,2026-08-10T13:24:36.916Z,6fe8c974-200e-4e53-b687-4988ae13f4ee
2dc0a6b7-8e39-480f-b1b3-4154fb3e9590,IN,Midwest,2005 Pierce International Pumper,2005,99000,pumper-engine,International,Pierce,2-door-commercial,,,18879,,,1250,1000,2026-07-16T17:13:21.798Z,fa257783-f061-4187-9eac-110ffe1f7c13
6be075a6-3887-457d-b312-bfe2934125b5,IN,Midwest,1997 Freightliner Tanker,1997,25000,tanker-tender,Freightliner,Other,2-door-commercial,diesel,,145620,5335,,,2000,2026-08-14T19:35:04.189Z,fb52f135-446f-4724-b502-a8d9c4f58493
ae5c0ad8-26ea-4dce-8d4f-c2997693ffc3,IN,Midwest,2002 KME International Pumper,2002,120000,pumper-engine,International,KME,2-door-commercial,,,14767,922,,1250,1000,2026-08-10T14:54:04.746Z,fa257783-f061-4187-9eac-110ffe1f7c13
40c1e937-3cac-4c87-9e2f-20e646d3c8f7,IN,Midwest,2003 Pierce Arrow 85' Aerial,2003,40000,aerial-ladder,Pierce,Pierce,custom,diesel,,20000,,,1000,300,2026-08-11T01:17:15.060Z,32a48e35-feaf-449b-86e1-7631bc0b3968
d17c41b2-012d-40f7-b3ae-9af69d9981de,IN,Midwest,1994 E-One Pumper,1994,15000,pumper-engine,E-One,E-One,custom,diesel,,24575,2240,,1250,1000,2026-07-21T01:21:50.647Z,fa257783-f061-4187-9eac-110ffe1f7c13
859f11a5-429f-48fb-ba8e-691cf39b2b9e,IN,Midwest,1998 Freightliner Heavy Rescue,1998,25000,heavy-rescue,Other,Freightliner,4-door-commercial,diesel,,23600,2680,,0,0,2026-06-10T15:13:14.265Z,86aa5c3b-3965-4a9a-b2f8-fbcb5d0ca70a
a217d9b9-7c7e-48b7-a85c-10faaa0fd9a3,IN,Midwest,1994 S&S International Pumper Tanker,1994,40000,pumper-tanker,International,S&S (Stewart & Stevenson),2-door-commercial,diesel,,23584,1749,,500,2000,2026-08-14T19:34:53.602Z,fb52f135-446f-4724-b502-a8d9c4f58493
3470754c-e8bb-4673-922d-6ccc94a9ca93,IN,Midwest,1999 Sterling Tanker,1999,90000,tanker-tender,Sterling,Other,2-door-commercial,diesel,,12500,,,250,4000,2026-08-11T01:12:45.140Z,fb52f135-446f-4724-b502-a8d9c4f58493
f1c3a4c1-c338-4ee9-9f32-85aca53c1a99,IN,Midwest,1999 E-One Rescue Pumper,1999,30000,rescue-pumper,E-One,E-One,custom,,,51000,,,,,2026-07-30T01:15:38.764Z,86aa5c3b-3965-4a9a-b2f8-fbcb5d0ca70a
f5ee9b2c-0622-4c6a-a1cf-1c160bbcc43f,IN,Midwest,1990 Chevrolet C70 Dump Truck,1990,25000,dump-truck,Chevrolet,,2-door-commercial,diesel,,9924,,,,,2026-07-08T03:00:26.910Z,3e918b89-8111-4445-ab7e-2c9b49127342
3361331c-1e4f-4cec-8713-7aa16b8a7d35,IN,Midwest,2002 Marion Freightliner Heavy Rescue,2002,40000,heavy-rescue,Freightliner,Marion,2-door-commercial,diesel,,30367,3237,,,,2026-08-08T07:59:30.064Z,86aa5c3b-3965-4a9a-b2f8-fbcb5d0ca70a
95b110bc-41c9-4ca2-b6bd-29afb2061d26,IN,Midwest,2005 Sutphen Shield Pumper,2005,74900,pumper-engine,Sutphen,Sutphen,custom,diesel,,78786,7100,,1500,750,2026-08-10T14:54:10.834Z,fa257783-f061-4187-9eac-110ffe1f7c13
6fefa07d-2acb-4470-aa09-857757dc2e50,IN,Midwest,1995 American International Heavy Rescue,1995,50000,heavy-rescue,International,American,4-door-commercial,diesel,,44708,544,,,,2026-07-20T18:25:03.578Z,86aa5c3b-3965-4a9a-b2f8-fbcb5d0ca70a
791921dc-d9e0-40e3-ab01-b77b8cd3bd51,IN,Midwest,1995 E-One Cyclone Pumper,1995,20500,pumper-engine,E-One,E-One,custom,diesel,,47000,,,1250,1000,2026-08-03T16:18:07.998Z,fa257783-f061-4187-9eac-110ffe1f7c13
b9e73777-ff8d-4e13-9876-5ea3355d3fa2,IN,Midwest,2006 Pierce Saber Pumper,2006,12000,pumper-engine,Pierce,Pierce,custom,diesel,,149200,12130,,1500,750,2026-06-10T15:13:14.265Z,fa257783-f061-4187-9eac-110ffe1f7c13
4d2a1a2d-82b6-4509-8c7a-941a7d2042c4,IN,Midwest,1996 E-One Cyclone Pumper,1996,25000,pumper-engine,E-One,E-One,custom,diesel,,32778,1595,,1500,1000,2026-08-05T18:14:20.184Z,fa257783-f061-4187-9eac-110ffe1f7c13
6dbd2733-4523-41c0-9ffb-9aa780f0cb81,IN,Midwest,2008 Chevrolet Type I Ambulance,2008,28000,type-1,Chevrolet,Other,2-door-commercial,diesel,,102304,,,,,2026-08-11T01:15:50.770Z,a81d9a9c-4e1f-4d12-8a69-c1f20a885b44
bc99f041-02d0-47ec-9520-b99b32fe1346,IN,Midwest,1988 International Pumper,1988,16000,pumper-engine,International,International,2-door-commercial,diesel,,46208,,,1250,1250,2026-06-10T15:13:14.265Z,fa257783-f061-4187-9eac-110ffe1f7c13
340bd688-4cfc-47c6-8ef0-8148635914dd,IN,Midwest,1989 FMC GMC Pumper,1989,15000,pumper-engine,GMC,FMC,2-door-commercial,diesel,,28342,,,1000,1000,2026-08-02T13:26:23.386Z,fa257783-f061-4187-9eac-110ffe1f7c13
14d9661a-f84b-469b-962b-e10b16ef3a5f,IN,Midwest,1996 Spartan Ferrara Pumper,1996,15000,pumper-engine,Ferrara,Spartan,custom,diesel,,170897,2123,,1250,1000,2026-07-20T19:59:00.822Z,fa257783-f061-4187-9eac-110ffe1f7c13
83cdcf01-942e-451e-b85f-b35b182c67c3,IN,Midwest,1998 S&S Freightliner Rescue Pumper,1998,42500,rescue-pumper,Freightliner,S&S (Stewart & Stevenson),2-door-commercial,diesel,,25000,,,500,500,2026-06-29T20:17:31.794Z,86aa5c3b-3965-4a9a-b2f8-fbcb5d0ca70a
e1d3d509-ff2f-4dd0-9e09-44fd2c83dce2,IN,Midwest,1973 GMC 6500 Dump Truck,1973,9900,dump-truck,GMC,,2-door-commercial,,,54000,,,,,2026-08-01T15:33:30.053Z,3e918b89-8111-4445-ab7e-2c9b49127342
c12a616c-2ee8-48f7-b16b-34e37b983a57,IA,Midwest,2024 Ford 4x4 Brush Truck,2024,112000,brush-truck,Ford,Other,2-door-commercial,gasoline,,45,,,0,300,2026-07-14T13:56:50.065Z,6fe8c974-200e-4e53-b687-4988ae13f4ee
2f8af51f-58c6-488c-8374-0233f08d5dcc,IA,Midwest,2009 Pierce Contender Pumper,2009,200000,pumper-engine,Pierce,Pierce,4-door-commercial,diesel,,21712,1054,,1250,1000,2026-07-16T17:13:19.322Z,fa257783-f061-4187-9eac-110ffe1f7c13
f85e73f2-c9ea-45e7-9b5f-8e36f6301835,IA,Midwest,2002 Luverne Spartan Pumper,2002,59999,pumper-engine,Spartan,Luverne,custom,diesel,,34601,3794,,1500,750,2026-08-12T15:34:12.644Z,fa257783-f061-4187-9eac-110ffe1f7c13
a88e4789-5784-4c41-96fc-e1cb3cfc0b12,IA,Midwest,1992 Central States Ford Pumper Tanker,1992,15000,pumper-tanker,Ford,Central States,4-door-commercial,diesel,,10700,,,1000,1000,2026-07-29T22:41:43.485Z,fb52f135-446f-4724-b502-a8d9c4f58493
3f37edab-fd4d-41ad-851a-7f18bf8ac1be,IA,Midwest,1992 E-One Custom 110' Aerial,1992,20000,aerial-ladder,E-One,E-One,custom,diesel,,70084,5298,,1500,500,2026-07-08T03:00:32.668Z,32a48e35-feaf-449b-86e1-7631bc0b3968
4f0c2497-bac4-432a-bfff-282353ae61a6,IA,Midwest,1997 Central States Freightliner Pumper,1997,52500,pumper-engine,Freightliner,Central States,4-door-commercial,diesel,,23626,1731,678,1500,1000,2026-06-16T22:47:46.108Z,fa257783-f061-4187-9eac-110ffe1f7c13
023d7a55-9d71-463f-bba4-a8b0524a6930,IA,Midwest,1999 American LaFrance Eagle Pumper,1999,20000,pumper-engine,American LaFrance,American LaFrance,custom,diesel,,100000,,,1500,750,2026-06-10T15:13:14.265Z,fa257783-f061-4187-9eac-110ffe1f7c13
37d5da3a-6e81-47d2-b227-323a582af6cc,IA,Midwest,2010 Chevrolet 4500 Type III Ambulance,2010,22000,type-3,Chevrolet,Chevrolet,2-door-commercial,diesel,,192000,,,,,2026-08-06T13:59:07.823Z,a81d9a9c-4e1f-4d12-8a69-c1f20a885b44
18803815-bbcc-4610-9cc9-7126eb2785b5,IA,Midwest,1998 Toyne Ford Pumper,1998,20000,pumper-engine,Ford,Toyne,4-door-commercial,diesel,,13302,1242,,1250,500,2026-07-14T03:00:38.383Z,fa257783-f061-4187-9eac-110ffe1f7c13
89bacefe-a76c-4dd7-84b6-46d836fc7964,IA,Midwest,1999 E-One International Pumper,1999,25000,pumper-engine,International,E-One,4-door-commercial,diesel,,116000,7145,,1500,500,2026-08-03T18:09:29.819Z,fa257783-f061-4187-9eac-110ffe1f7c13
3b350454-bbbb-47b8-bfb9-a56eb844a085,IA,Midwest,1995 Pierce Custom 50' Aerial,1995,49999,aerial-ladder,Pierce,Pierce,custom,diesel,,46072,4617,,2000,500,2026-08-12T15:34:59.926Z,32a48e35-feaf-449b-86e1-7631bc0b3968
27e6f045-c615-426e-ac9a-72ebf149f420,IA,Midwest,2007 Wheeled Coach Ford 4x4 Type I Ambulance,2007,45000,type-1,Ford,Wheeled Coach,2-door-commercial,diesel,,13908,,,,,2026-08-05T22:44:25.192Z,a81d9a9c-4e1f-4d12-8a69-c1f20a885b44
54bdfd45-d563-4379-9cb7-341e08b8f440,IA,Midwest,1995 Central States Freightliner Pumper,1995,20000,pumper-engine,Freightliner,Central States,4-door-commercial,diesel,,11627,926,250,1250,,2026-07-22T00:23:21.436Z,fa257783-f061-4187-9eac-110ffe1f7c13
1bf2c6fa-71a2-498b-8a0c-4c8cb75c3f56,IA,Midwest,1992 International Central States Pumper,1992,8500,pumper-engine,Central States,International,2-door-commercial,diesel,,32000,25220,586,1250,1000,2026-06-10T15:13:14.265Z,fa257783-f061-4187-9eac-110ffe1f7c13
afb26061-f2bb-4d3a-b916-c178a8cf6662,IA,Midwest,2018 Simon Fire Equipment Freightliner Tanker,2018,210170,tanker-tender,Freightliner,Simon Fire Equipment,2-door-commercial,diesel,,151000,,,375,3000,2026-07-14T13:56:49.999Z,fb52f135-446f-4724-b502-a8d9c4f58493
b81caf44-dfcb-4a02-beb7-5d2ac78daf51,IA,Midwest,3M Scott Safety 5.5 X3 SCBA backframe w/ One 60min Cylinder,,750,,,,,,,,,,,,2026-08-03T19:25:42.271Z,b28116b1-22b6-46b3-81c4-d0066cd02437
5d62a42c-8b5b-4b82-860d-ff154dcb442b,IA,Midwest,"Scott Air-Pak X3 SCBA, 2013 Edition",2013,1200,,,,,,,,,,,,2026-06-25T20:26:54.085Z,b28116b1-22b6-46b3-81c4-d0066cd02437
b2839214-a503-445f-a0cc-3943d64517ef,IA,Midwest,Scott Safety Industrial SCBA 2216,,300,,,,,,,,,,,,2026-08-03T19:25:06.166Z,b28116b1-22b6-46b3-81c4-d0066cd02437
934a3ec4-0deb-40b8-9f96-dabf4ee8eb9d,KS,Midwest,2011 Pierce Ford 4x4 Mini Pumper,2011,160000,mini-pumper,Ford,Pierce,4-door-commercial,diesel,,35876,,,1000,300,2026-07-28T17:04:47.605Z,6fe8c974-200e-4e53-b687-4988ae13f4ee
29993e3e-d4dd-426e-9fbe-9a4dc4cfd993,KS,Midwest,2000 Ford F250 4x4 Brush Truck,2000,20000,brush-truck,Ford,Ford,4-door-commercial,gasoline,,50100,,,,125,2026-08-03T15:05:38.508Z,6fe8c974-200e-4e53-b687-4988ae13f4ee
120f1fa2-eb73-4383-97b4-94ee8cb8ee0b,KS,Midwest,Oshkosh MK 48,,150000,,,,2-door-commercial,diesel,,1166,,,,,2026-08-11T01:16:09.102Z,79c8d05c-40dd-468d-9730-09a47f70150f
5b7c62d0-f2ac-43db-ba29-54d398d6149c,KS,Midwest,2003 Chevrolet 2500HD 4x4 Brush Truck,2003,50000,brush-truck,Chevrolet,Chevrolet,2-door-commercial,gasoline,,107917,,,200,200,2026-08-10T14:54:07.382Z,6fe8c974-200e-4e53-b687-4988ae13f4ee
c6cbe592-5623-4fb9-af16-696530181305,KS,Midwest,2007 Chevrolet 3500HD 4x4 Brush Truck,2007,60000,brush-truck,Chevrolet,Chevrolet,2-door-commercial,gasoline,,128566,,,,200,2026-08-10T14:54:08.296Z,6fe8c974-200e-4e53-b687-4988ae13f4ee
135ed8f0-fee3-4d7f-9570-0cca41d26cc9,KS,Midwest,2008 Pierce Arrow XT Pumper,2008,40000,pumper-engine,Pierce,Pierce,custom,diesel,,114723,11860,,2000,750,2026-06-23T03:00:11.006Z,fa257783-f061-4187-9eac-110ffe1f7c13
d2ce8447-0d37-4139-b88d-312d956e5b7b,KS,Midwest,1997 Danko Ford 4x4 Brush Truck,1997,35000,brush-truck,Ford,Danko,2-door-commercial,gasoline,,15443,,,160,300,2026-08-07T01:03:00.504Z,6fe8c974-200e-4e53-b687-4988ae13f4ee
188b2487-d5c5-4e9f-8765-39e645277c68,KS,Midwest,2002 Amtech GMC Light Rescue,2002,55000,light-rescue,GMC,Amtech,2-door-commercial,diesel,,17225,,,,100,2026-07-16T21:04:55.502Z,86aa5c3b-3965-4a9a-b2f8-fbcb5d0ca70a
d9d0b6a0-4eee-4af4-b97a-bfe4986e2e8a,KS,Midwest,1990 Ford F250 4x4 Brush Truck,1990,30000,brush-truck,Ford,Ford,2-door-commercial,gasoline,,14830,,,,300,2026-06-10T15:13:14.265Z,6fe8c974-200e-4e53-b687-4988ae13f4ee
11f96abf-9d40-4092-ad5a-ecba51ac4b0b,KS,Midwest,1988 Pierce International Pumper,1988,18000,pumper-engine,International,Pierce,2-door-commercial,diesel,,10839,,,750,500,2026-07-09T03:00:17.066Z,fa257783-f061-4187-9eac-110ffe1f7c13
d0719d7d-26ba-46e4-b307-0ca168e7e909,KS,Midwest,2001 Chevrolet 2500HD 4x4 Brush Truck,2001,45000,brush-truck,Chevrolet,Chevrolet,2-door-commercial,gasoline,,115017,,,,200,2026-06-10T15:13:14.265Z,6fe8c974-200e-4e53-b687-4988ae13f4ee
b36e4702-ef8c-4fba-9a02-f314dc1b9a62,KS,Midwest,(3) Kendrick Extrication Devices (KED),,250,,,,,,,,,,,,2026-07-11T15:34:40.612Z,d549ecd8-c182-4a33-939a-c54f2be00b6a
47038352-cd2c-4b8f-91e5-947123835981,KY,South,2024 Freightliner New Way Rear Loader,2024,187000,rear_loader,Freightliner,New Way,2-door-commercial,diesel,,19631,1856,,,,2026-07-16T17:58:51.025Z,a05a1ae8-85b2-4ae3-ae67-10f5ce608164
b0971044-2d09-4b45-a5ab-2cb301317bea,KY,South,2019 dodge charger pursuit,2019,20000,,,,4-door-commercial,gasoline,,147000,,,,,2026-08-14T13:46:43.980Z,37fb2938-3157-4579-ab35-6ab2e7a39f89
6fd5af95-595b-41a4-8af6-49d1dd6bffbd,KY,South,2019 Peterbilt 579 Semi,2019,28000,,Peterbilt,,2-door-commercial,,,430000,,,,,2026-08-07T15:22:03.432Z,79c8d05c-40dd-468d-9730-09a47f70150f
04ab272b-2d07-43b8-a632-47257e84a28d,KY,South,2001 Ford F550 4x4 Brush Truck,2001,34500,brush-truck,Ford,Ford,2-door-commercial,diesel,,35064,723,,250,300,2026-07-07T13:23:11.327Z,6fe8c974-200e-4e53-b687-4988ae13f4ee
71e0cbf9-fcfc-45db-8e8f-bea2bbf710ce,KY,South,2012 Mack E-Z Pack Rear Loader,2012,52500,rear_loader,Mack,E-Z Pack,2-door-commercial,diesel,,103000,17300,,,,2026-07-15T21:18:54.347Z,a05a1ae8-85b2-4ae3-ae67-10f5ce608164
6a47a913-ec86-410d-801d-c75b362889e0,KY,South,1986 GMC Medium Rescue,1986,15000,medium-rescue,GMC,GMC,2-door-commercial,,,38500,,,,,2026-08-06T17:46:48.599Z,86aa5c3b-3965-4a9a-b2f8-fbcb5d0ca70a
8ce04f69-8f43-4df9-b34c-12effad93e89,KY,South,"1998 Pierce Detroit Series 60 Diesel, 430 HP 105' Aerial",1998,30000,aerial-ladder,Pierce,Pierce,custom,diesel,,14098,2738,0,0,0,2026-08-04T23:38:18.074Z,32a48e35-feaf-449b-86e1-7631bc0b3968
3d30dc8a-07ed-4e49-ac4b-b83b8f46a9a5,KY,South,Ford 450 Maintainer Body,,11000,other-apparatus,Ford,Ford,4-door-commercial,,,0,,,,,2026-06-10T15:13:14.265Z,6092aee6-fe58-436b-b005-d30d30c4b98b
b653dc86-1e0d-4bd3-b123-c958acaf34e7,KY,South,2000 KME Freightliner Pumper,2000,30000,pumper-engine,Freightliner,KME,4-door-commercial,diesel,,79022,7923,,1250,750,2026-08-14T00:48:09.440Z,fa257783-f061-4187-9eac-110ffe1f7c13
dcca853c-b484-4cd9-93e5-cdcb7b339201,KY,South,1998 Western Star 9500 Dump Truck,1998,45000,dump-truck,Western Star,,2-door-commercial,diesel,,400000,,,,,2026-08-12T20:39:48.197Z,3e918b89-8111-4445-ab7e-2c9b49127342
09dbeb0b-847a-4cc6-b5f8-3f1643cc3d0b,KY,South,1993 Ferrara HME Pumper Tanker,1993,45000,pumper-tanker,HME,Ferrara,4-door-commercial,diesel,,19271,,,1500,1500,2026-08-03T14:02:12.578Z,fb52f135-446f-4724-b502-a8d9c4f58493
574daa4e-3330-4ec1-97a7-dd0f664573c2,KY,South,1996 Sutphen Deluge Pumper,1996,20000,pumper-engine,Sutphen,Sutphen,custom,diesel,,18000,,,1500,750,2026-07-13T21:42:31.896Z,fa257783-f061-4187-9eac-110ffe1f7c13
a984a2ba-1d90-4bde-a47f-332379b86dcd,KY,South,1994 E-One International Heavy Rescue,1994,35000,heavy-rescue,International,E-One,2-door-commercial,diesel,,26374,3259,,,,2026-08-11T01:15:33.614Z,86aa5c3b-3965-4a9a-b2f8-fbcb5d0ca70a
ce54e44a-b16f-4c02-ab07-04a64dea1242,KY,South,1991 Grumman Chevrolet Pumper Tanker,1991,15000,pumper-tanker,Chevrolet,Grumman,2-door-commercial,diesel,,30000,,,1250,1250,2026-07-17T15:24:42.927Z,fa257783-f061-4187-9eac-110ffe1f7c13
f62b6975-8d54-4a9e-bbb7-2d344ecae958,KY,South,1992 Pierce Dash Pumper,1992,29900,pumper-engine,Pierce,Pierce,custom,diesel,,24464,,,1250,1250,2026-07-08T15:06:13.419Z,fa257783-f061-4187-9eac-110ffe1f7c13
0b90fd28-5d4c-4fa0-b5c9-7f605be550f9,KY,South,1993 E-One Hush Rescue Pumper,1993,8500,rescue-pumper,E-One,E-One,custom,diesel,,116750,,,1500,500,2026-06-10T15:13:14.265Z,86aa5c3b-3965-4a9a-b2f8-fbcb5d0ca70a
743bbd35-19ea-49e0-895e-66c6232483eb,KY,South,1992 KME Renagade Pumper,1992,10000,pumper-engine,KME,KME,4-door-commercial,diesel,,59529,8424,,1250,500,2026-08-04T11:48:19.365Z,fa257783-f061-4187-9eac-110ffe1f7c13
aba2f923-f6f0-4d7d-88ba-2e9854ced6d8,KY,South,1987 Pierce Pumper,1987,10000,pumper-engine,Pierce,Pierce,custom,diesel,,30295,,,1250,500,2026-06-10T15:13:14.265Z,fa257783-f061-4187-9eac-110ffe1f7c13
9387f742-0e85-4168-8744-1fd7fd05d772,KY,South,Federal signal light package,,850,,,,,,,,,,,,2026-08-11T01:18:00.733Z,b28116b1-22b6-46b3-81c4-d0066cd02437
ce073ad6-b0fe-485b-9866-6dd478aa05f5,KY,South,Amerex 6 liter wet chemical fire extinguisher,,200,,,,,,,,,,,,2026-08-11T01:18:06.970Z,b28116b1-22b6-46b3-81c4-d0066cd02437
2132323e-bf32-42e3-bdd0-dd8108c14847,KY,South,Amerex 5lb abc fire extinguisher,,90,,,,,,,,,,,,2026-08-11T01:18:06.970Z,b28116b1-22b6-46b3-81c4-d0066cd02437
160ac9c6-1948-4859-8514-684fba8215fd,LA,South,2026 International CV 4x4 Quick Attack,2026,350000,quick-attack,International,International,2-door-commercial,diesel,,1078,,,300,300,2026-07-14T13:56:49.589Z,6fe8c974-200e-4e53-b687-4988ae13f4ee
1e5e0632-119b-47ec-8a36-978326d8044b,LA,South,2024 Chevrolet Curbtender 4x4 Rear Loader,2024,145000,rear_loader,Chevrolet,Curbtender,2-door-commercial,diesel,,19350,,,,,2026-07-16T17:58:58.400Z,a05a1ae8-85b2-4ae3-ae67-10f5ce608164
11b034b7-cfec-41c6-a002-8fa30f173550,LA,South,2023 Freightliner G-S Products Automated Side Loader,2023,175000,automated_side,Freightliner,G-S Products,2-door-commercial,diesel,,70000,,,,,2026-07-16T17:58:45.849Z,a05a1ae8-85b2-4ae3-ae67-10f5ce608164
e07a3f2a-12b7-4e8f-b880-59da4fef5983,LA,South,2024 Freightliner G-S Products Automated Side Loader,2024,180000,automated_side,Freightliner,G-S Products,2-door-commercial,diesel,,680000,,,,,2026-06-16T22:27:58.911Z,a05a1ae8-85b2-4ae3-ae67-10f5ce608164
8fc78c17-ae82-4458-b9c0-0d59bcc7cdb7,LA,South,2005 Ferrara 100' Quint,2005,170000,quint,Ferrara,Ferrara,custom,,,53395,,,2000,300,2026-08-12T16:33:58.670Z,32a48e35-feaf-449b-86e1-7631bc0b3968
1526edff-6f2c-425c-83ff-f4f8cd99a5dd,LA,South,2008 E-One Pumper,2008,120000,pumper-engine,E-One,E-One,custom,,,50000,,,1500,500,2026-07-22T23:20:54.226Z,fa257783-f061-4187-9eac-110ffe1f7c13
50b761c2-3dd4-40a1-ad85-28316fe1c5b3,LA,South,2018 Freightliner Heil Side Loader,2018,89500,side_loader,Freightliner,Heil,2-door-commercial,diesel,,102294,11588,,,,2026-07-16T17:58:46.539Z,a05a1ae8-85b2-4ae3-ae67-10f5ce608164
6ccf9dd0-3925-4124-836a-a743487da6df,LA,South,1993 Ferrara Chevrolet Pumper Tanker,1993,15000,pumper-tanker,Chevrolet,Ferrara,2-door-commercial,diesel,,12880,,,1250,1250,2026-08-01T19:52:39.440Z,fb52f135-446f-4724-b502-a8d9c4f58493
ee14caea-190d-48b8-ac8b-c57b7797ad1e,LA,South,2008 Mack Granite Roll Off,2008,50000,,Mack,,2-door-commercial,,,540000,,,,,2026-07-09T19:00:26.215Z,bab99702-5935-4654-a9bb-fcc8d593c293
2902e0de-7670-4111-9add-a89caf0623c2,LA,South,2000 Spartan Gladiator 75' Aerial,2000,35000,aerial-ladder,Spartan,Spartan,custom,diesel,,68820,10225,324,1500,1000,2026-06-23T03:00:10.703Z,32a48e35-feaf-449b-86e1-7631bc0b3968
1af8db82-420a-4ac5-8050-40882b19b259,LA,South,2005 Freightliner Heavy Rescue,2005,25000,heavy-rescue,Freightliner,Freightliner,2-door-commercial,diesel,,50000,,,,,2026-08-12T19:23:48.795Z,86aa5c3b-3965-4a9a-b2f8-fbcb5d0ca70a
33453f26-08f4-4705-a6f3-1ab40c03be17,LA,South,1996 Pierce Freightliner 4x4 Heavy Rescue,1996,30000,heavy-rescue,Freightliner,Pierce,custom,diesel,,21047,3900,,0,0,2026-07-03T03:00:16.070Z,86aa5c3b-3965-4a9a-b2f8-fbcb5d0ca70a
9123194c-b3a1-4e8e-b084-e5bb73779f37,LA,South,1998 E-One International Pumper,1998,30000,pumper-engine,International,E-One,2-door-commercial,diesel,,5492,,,1500,500,2026-07-02T03:00:32.052Z,fa257783-f061-4187-9eac-110ffe1f7c13
40cfd120-7f0a-4362-ba5d-d7337cc55988,LA,South,New MSA Cairs 880 Chicago white fire helmet with reflector damage minor never been used . Comes with safety safety shield included,,450,,,,,,,,,,,,2026-08-11T01:16:25.707Z,b28116b1-22b6-46b3-81c4-d0066cd02437
ecc99112-c3b0-4633-80b1-65b931afd221,LA,South,Spreader and rams with fire hose nozzles ,,4000,,,,,,,,,,,,2026-01-16T20:26:48.976Z,b28116b1-22b6-46b3-81c4-d0066cd02437
473271d1-cf10-44fa-b885-dbdfec06b925,ME,Northeast,2009 Pierce 75' Aerial,2009,425000,aerial-ladder,Pierce,Pierce,4-door-commercial,diesel,,37491,,,1500,500,2026-08-14T13:49:04.973Z,32a48e35-feaf-449b-86e1-7631bc0b3968
41a8e468-8888-4d7e-abb2-2536b16dd643,ME,Northeast,2004 Metalfab International Pumper,2004,80000,pumper-engine,International,Metalfab,2-door-commercial,diesel,,12329,,,1250,1000,2026-07-16T17:13:27.901Z,fa257783-f061-4187-9eac-110ffe1f7c13
bc477465-ed83-4293-95d7-3f3cb056c576,ME,Northeast,2014 Pierce Saber Pumper,2014,215000,pumper-engine,Pierce,Pierce,custom,diesel,,74149,,,1500,1000,2026-07-28T17:28:12.020Z,fa257783-f061-4187-9eac-110ffe1f7c13
a5839141-a8ec-447a-999b-b72e58c757ae,ME,Northeast,2011 Pierce Velocity 105' Quint,2011,339000,quint,Pierce,Pierce,custom,diesel,,100259,,,1500,500,2026-07-16T17:13:13.366Z,32a48e35-feaf-449b-86e1-7631bc0b3968
7d6c4772-a9de-4984-b7c5-a7aabdf70291,ME,Northeast,2006 Ford Pierce 4x4 Light Rescue,2006,75000,light-rescue,Pierce,Ford,2-door-commercial,,,10000,,,,,2026-08-05T12:44:40.858Z,86aa5c3b-3965-4a9a-b2f8-fbcb5d0ca70a
dc051d11-66d9-4dd3-8e6d-26b1597e777e,ME,Northeast,2013 John Deere 250 LC Excavator,2013,100000,,Other,,custom,diesel,,0,3650,,,,2026-06-15T17:31:28.763Z,55cb358d-1515-4019-b4f7-1b49d96099cd
eb04a203-2456-4e3b-8e86-bcbf00502cc1,ME,Northeast,2019 Western Star 4700SB Dump Truck,2019,164000,dump-truck,Western Star,,2-door-commercial,,,219339,10588,,,,2026-07-16T17:58:48.787Z,3e918b89-8111-4445-ab7e-2c9b49127342
e45d615b-4612-4bad-a531-e306e9799e8d,ME,Northeast,2002 S&S 4x4 Wildland Unit,2002,30000,wildland-unit,S&S,S&S (Stewart & Stevenson),2-door-commercial,diesel,,16957,,,0,1200,2026-08-13T14:01:44.551Z,f3b8e9a7-fcba-45c1-8eb0-c1f645a9a557
680c7b80-bf0e-4e68-995a-4ccc543ae12f,ME,Northeast,2010 PL-Custom Ford Type III Ambulance,2010,12500,type-3,Ford,PL-Custom,2-door-commercial,diesel,,125221,,,,,2026-07-27T19:38:43.736Z,a81d9a9c-4e1f-4d12-8a69-c1f20a885b44
ad891518-6895-412c-8602-cdb4a793950e,ME,Northeast,2008 MedTec Ford Type III Ambulance,2008,10000,type-3,Ford,MedTec,2-door-commercial,diesel,,99364,,,,,2026-08-03T14:29:25.321Z,a81d9a9c-4e1f-4d12-8a69-c1f20a885b44
cc89c983-8523-47ad-ab31-5928a7d57b89,ME,Northeast,2006 AEV Ford Type III Ambulance,2006,10000,type-3,Ford,AEV,2-door-commercial,diesel,,99261,,,,,2026-07-27T19:27:08.371Z,a81d9a9c-4e1f-4d12-8a69-c1f20a885b44
db833519-5d16-4805-b59b-14173e56720b,ME,Northeast,2006 Braun GMC Type I Ambulance,2006,12500,type-1,GMC,Braun,2-door-commercial,diesel,,135129,,,,,2026-08-06T13:59:42.604Z,a81d9a9c-4e1f-4d12-8a69-c1f20a885b44
b1ea370e-1432-4a82-b5ac-d7baf6604407,ME,Northeast,2009 LifeLine Ford Type III Ambulance,2009,12500,type-3,Ford,LifeLine,2-door-commercial,diesel,,125342,,,,,2026-07-27T19:55:08.853Z,a81d9a9c-4e1f-4d12-8a69-c1f20a885b44
36082103-7e97-4a90-87cb-0f2c5fa3cb78,ME,Northeast,2004 HME Heavy Rescue,2004,70000,heavy-rescue,HME,HME,4-door-commercial,diesel,,37283,,,,,2026-08-13T13:58:42.466Z,86aa5c3b-3965-4a9a-b2f8-fbcb5d0ca70a
0a6c6d7e-d8a7-4017-a7d9-40857d6c4fbf,ME,Northeast,2015 AEV Ford 4x4 Type I Ambulance,2015,20000,type-1,Ford,AEV,2-door-commercial,diesel,,147000,,,,,2026-07-11T03:00:37.355Z,a81d9a9c-4e1f-4d12-8a69-c1f20a885b44
d0f1165f-dc28-4d81-b641-51b4e5734ed3,ME,Northeast,2003 Pierce Dash Pumper,2003,75000,pumper-engine,Pierce,Pierce,4-door-commercial,diesel,,53800,3487,,1500,1000,2026-08-13T13:55:00.457Z,fa257783-f061-4187-9eac-110ffe1f7c13
60daa946-038f-41fb-8e26-14ad372acb04,ME,Northeast,1980 4 Guys Mack Tanker,1980,70000,tanker-tender,Mack,4 Guys,2-door-commercial,diesel,,11000,,,1000,4000,2026-08-11T21:48:25.727Z,fb52f135-446f-4724-b502-a8d9c4f58493
689e6441-66fb-45a0-9f1c-3e28d61e8481,ME,Northeast,1991 Pierce 100' Aerial,1991,20000,aerial-ladder,Pierce,Pierce,custom,diesel,,35000,,,,,2026-07-28T17:28:12.020Z,32a48e35-feaf-449b-86e1-7631bc0b3968
6c20224d-f34c-4049-8ade-f7403a82cc5e,ME,Northeast,2015 Marque Chevrolet Type III Ambulance,2015,15000,type-3,Chevrolet,Marque,2-door-commercial,diesel,,161336,,,,,2026-07-29T17:49:47.232Z,a81d9a9c-4e1f-4d12-8a69-c1f20a885b44
c31dd823-c333-452f-80ac-5de19906b601,ME,Northeast,2013 Caterpillar CT660 Dump Truck,2013,75000,dump-truck,Caterpillar,,2-door-commercial,diesel,,247850,,,,,2026-07-31T17:07:30.893Z,3e918b89-8111-4445-ab7e-2c9b49127342
373c7a9a-47a0-4782-b1ca-a6f4d5507777,ME,Northeast,2013 LifeLine Chevrolet Type III Ambulance,2013,15000,type-3,Chevrolet,LifeLine,2-door-commercial,diesel,,145199,,,,,2026-08-01T15:58:54.117Z,a81d9a9c-4e1f-4d12-8a69-c1f20a885b44
deaf86d7-5239-4e20-80ba-a98ea356e1be,ME,Northeast,1990 FMC Pumper Tanker,1990,20000,pumper-tanker,FMC,FMC,2-door-commercial,diesel,,28000,,,1000,1000,2026-06-10T15:13:14.265Z,fa257783-f061-4187-9eac-110ffe1f7c13
29151fae-bfbb-4173-8a27-850091fe6492,ME,Northeast,1996 Ferrara Freightliner Pumper,1996,28000,pumper-engine,Freightliner,Ferrara,2-door-commercial,diesel,,28744,,,1000,1000,2026-07-29T23:22:06.368Z,fa257783-f061-4187-9eac-110ffe1f7c13
221e3e85-c5fc-4600-96c2-12edfaa3205d,ME,Northeast,2017 CHEVY EXPRESS WHEELCHAIR VAN,2017,20000,,Chevrolet,,custom,gasoline,,153280,,,,,2026-08-07T01:08:37.072Z,23cd8c8e-05c5-4d47-9861-12e7638acd68
9f2b4d52-3322-49ef-b385-4e757c097b97,ME,Northeast,American Airworks SCBA Air Compressor,,3500,,,,,,,,,,,,2026-01-05T23:45:55.953Z,b28116b1-22b6-46b3-81c4-d0066cd02437
48331660-0060-48ee-9e9a-bb0972cd23e0,ME,Northeast,Shelby Wildland/Rescue Glove,,59,,,,,,,,,,,,2026-01-16T20:26:41.604Z,b28116b1-22b6-46b3-81c4-d0066cd02437
d3c361a8-42c7-4a0e-aafe-df19b33fde44,MD,South,2022 Freightliner New Way Rear Loader,2022,137500,rear_loader,Freightliner,New Way,2-door-commercial,diesel,,50725,6587,,,,2026-08-04T19:39:24.784Z,a05a1ae8-85b2-4ae3-ae67-10f5ce608164
c237f1f1-3455-41a2-b985-6452ed18822d,MD,South,2024 Peterbilt Heil Rear Loader,2024,215000,rear_loader,Peterbilt,Heil,2-door-commercial,diesel,,19853,2483,,,,2026-08-04T19:38:46.228Z,a05a1ae8-85b2-4ae3-ae67-10f5ce608164
c6dd2aa8-7f17-44a4-a938-66e8c4960f4f,MD,South,2021 Freightliner New Way Rear Loader,2021,100000,rear_loader,Freightliner,New Way,2-door-commercial,diesel,,99093,8400,,,,2026-07-16T17:58:47.153Z,a05a1ae8-85b2-4ae3-ae67-10f5ce608164
d98a0704-6336-4437-a6ea-9c44520596dc,MD,South,2022 Freightliner New Way Rear Loader,2022,137500,rear_loader,Freightliner,New Way,2-door-commercial,diesel,,31589,5348,,,,2026-08-04T19:39:52.296Z,a05a1ae8-85b2-4ae3-ae67-10f5ce608164
7668a383-3e0d-4c00-9227-3ea501de3507,MD,South,2003 Metalcraft 40 Fireboat,2003,325000,,,,custom,diesel,,0,2229,,,,2026-07-14T00:42:34.998Z,5c24e3d9-20f4-458c-bf24-7d25c8c46352
21e3ae82-b67e-4e9a-b617-6c0bf5a7a86f,MD,South,2012 Rosenbauer Spartan 104' Aerial,2012,750000,aerial-ladder,Spartan,Rosenbauer,custom,diesel,,49124,4788,,0,0,2026-07-16T17:13:16.030Z,32a48e35-feaf-449b-86e1-7631bc0b3968
76a10615-bab8-4de6-98f0-0cedc63d4df3,MD,South,2021 Freightliner New Way Rear Loader,2021,130000,rear_loader,Freightliner,New Way,2-door-commercial,diesel,,44846,8370,,,,2026-08-04T19:36:39.272Z,a05a1ae8-85b2-4ae3-ae67-10f5ce608164
830654c2-6b7a-49b8-aa94-c068998115ec,MD,South,2020 Freightliner New Way Rear Loader,2020,100000,rear_loader,Freightliner,New Way,2-door-commercial,diesel,,115160,0,,,,2026-07-16T17:58:51.198Z,a05a1ae8-85b2-4ae3-ae67-10f5ce608164
41368344-0710-4370-b133-0830b61ec7b8,MD,South,2020 Peterbilt Loadmaster Rear Loader,2020,105000,rear_loader,Peterbilt,Loadmaster,2-door-commercial,diesel,,297890,9511,,,,2026-07-15T21:18:52.018Z,a05a1ae8-85b2-4ae3-ae67-10f5ce608164
bbee058d-7c85-4291-a2dc-b08c17572a85,MD,South,2017 Freightliner McNeilus Rear Loader,2017,50000,rear_loader,Freightliner,McNeilus,2-door-commercial,diesel,,212000,,,,,2026-07-15T21:18:57.351Z,a05a1ae8-85b2-4ae3-ae67-10f5ce608164
4d59ec74-b735-429c-8884-9a307d266cd3,MD,South,2020 Peterbilt Loadmaster Rear Loader,2020,115000,rear_loader,Peterbilt,Loadmaster,2-door-commercial,diesel,,192479,12567,,,,2026-08-04T15:29:42.958Z,a05a1ae8-85b2-4ae3-ae67-10f5ce608164
710d46a3-c6a4-4531-bd1c-b5440d127767,MD,South,2016 John Deere Bulldozer 650J,2016,60000,,Other,,custom,diesel,,0,3559,,,,2026-06-15T19:08:28.111Z,55cb358d-1515-4019-b4f7-1b49d96099cd
545baf2d-7734-4390-a63d-71f8e32d477c,MD,South,2020 Takeuchi Excavator TB2150CR,2020,90000,,Other,,custom,diesel,,0,1553,,,,2026-06-15T18:42:40.824Z,55cb358d-1515-4019-b4f7-1b49d96099cd
b25b92a7-d38b-4309-b649-cd976286c159,MD,South,2019 PL-Custom Freightliner Type I Ambulance,2019,79995,type-1,Freightliner,PL-Custom,2-door-commercial,diesel,,100564,,,,,2026-06-10T15:13:14.265Z,a81d9a9c-4e1f-4d12-8a69-c1f20a885b44
178986bf-f5d6-4b38-9415-aaf6b18469d7,MD,South,2015 Kenworth Loadmaster Rear Loader,2015,110000,rear_loader,Kenworth,Loadmaster,2-door-commercial,diesel,,99651,12292,,,,2026-08-04T16:01:30.420Z,a05a1ae8-85b2-4ae3-ae67-10f5ce608164
d679bdf0-91c8-4ec9-9c0e-c65677a57344,MD,South,2014 Mack Gu813 Dump Truck,2014,75000,dump-truck,Mack,,2-door-commercial,diesel,,250000,,,,,2026-08-06T17:21:30.816Z,3e918b89-8111-4445-ab7e-2c9b49127342
f1b1f545-f9d0-4b9c-8c7f-7ecdc1a437c5,MD,South,2007 Pierce Arrow XT Pumper,2007,40000,pumper-engine,Pierce,Pierce,custom,diesel,,116524,,,1500,750,2026-06-10T15:13:14.265Z,fa257783-f061-4187-9eac-110ffe1f7c13
1c92e0bc-fa2c-4e9b-b7e1-72be90b9720d,MD,South,1994 Pierce Pumper,1994,55000,pumper-engine,Pierce,Pierce,4-door-commercial,diesel,,25609,1967,,1250,1500,2026-07-27T15:07:11.657Z,fa257783-f061-4187-9eac-110ffe1f7c13
45e2fccd-99ca-4842-ab6a-03a1b711ae90,MD,South,2018 Chevrolet Silverado,2018,20000,,Chevrolet,,4-door-commercial,,,29000,,,,,2026-07-29T20:07:57.337Z,79c8d05c-40dd-468d-9730-09a47f70150f
8a93da43-3b9b-4c22-9db7-a6045a9097e5,MD,South,2019 Ford F350 Super Duty Pickup Truck f350,2019,40000,,Ford,,4-door-commercial,,,83600,,,,,2026-06-15T19:20:16.403Z,92784232-ddd6-4355-aa20-a4cd50bb8074
7fc727e5-eba8-48d5-8eaf-0373e5ff37c9,MD,South,2008 Peterbilt Roll-Off,2008,58000,roll_off,Peterbilt,Other,2-door-commercial,diesel,,286422,20176,,,,2026-07-02T19:45:56.152Z,bab99702-5935-4654-a9bb-fcc8d593c293
8b81c1f8-5b8a-4b89-85a4-7f1dbbf9527d,MD,South,2013 Peterbilt Galbreath Roll-Off,2013,50000,roll_off,Peterbilt,Galbreath,2-door-commercial,diesel,,348090,11117,,,,2026-07-02T19:45:33.401Z,bab99702-5935-4654-a9bb-fcc8d593c293
85158493-6366-41fa-ad27-5b7765c68f1a,MD,South,2005 Peterbilt 379 Dump Truck,2005,85000,dump-truck,Peterbilt,,2-door-commercial,diesel,,254000,,,,,2026-06-15T17:28:42.262Z,3e918b89-8111-4445-ab7e-2c9b49127342
c53bd53f-d64b-455d-8450-fc02d2f16fb0,MD,South,2012 Mack GU713 Dump Truck,2012,85000,dump-truck,Mack,,2-door-commercial,diesel,,308795,,,,,2026-07-15T21:18:57.747Z,3e918b89-8111-4445-ab7e-2c9b49127342
3d029f50-cb6d-4a04-b6d2-3f471dd4f095,MD,South,2013 Mack GU713 Dump Truck,2013,85000,dump-truck,Mack,,2-door-commercial,diesel,,317742,,,,,2026-07-15T21:18:51.813Z,3e918b89-8111-4445-ab7e-2c9b49127342
193197a8-86eb-4ae4-a0e0-d339d8628a13,MD,South,2014 Caterpillar CT660,2014,90000,dump-truck,Caterpillar,,2-door-commercial,diesel,,300000,,,,,2026-06-18T03:00:13.647Z,3e918b89-8111-4445-ab7e-2c9b49127342
6b2fe535-82e5-4df1-8d35-b3f8d9ccfe52,MD,South,2005 Gradall XL 4100-2 Wheeled Excavator,2005,23000,,Other,,custom,diesel,,8398,7007,,,,2026-06-15T17:30:04.234Z,55cb358d-1515-4019-b4f7-1b49d96099cd
14fe7ed3-db90-40a6-8c2b-b16bf3559624,MD,South,2001 John Deere 230LC Excavator,2001,40000,,,,custom,diesel,,0,10062,,,,2026-06-15T17:31:55.377Z,55cb358d-1515-4019-b4f7-1b49d96099cd
0b0b8ba4-7c0f-4bf3-93c8-1ce0e0571bbe,MD,South,1998 Pierce Enforcer Pumper Tanker,1998,35000,pumper-tanker,Pierce,Pierce,custom,diesel,,43917,1937,,1250,750,2026-08-11T01:16:40.694Z,fa257783-f061-4187-9eac-110ffe1f7c13
fd1ed3f0-ecf3-4bfe-ac44-fc1c526cfefa,MD,South,1990 4 Guys Ford Pumper Tanker,1990,40000,pumper-tanker,Ford,4 Guys,2-door-commercial,diesel,,31512,840,,750,1500,2026-06-10T15:13:14.265Z,fb52f135-446f-4724-b502-a8d9c4f58493
f61bd221-825d-4317-a787-e01c3d1f4233,MD,South,1980 Ford C800 Pumper,1980,15000,pumper-engine,Ford,Ford,4-door-commercial,diesel,,0,,,0,,2026-06-10T15:13:14.265Z,fa257783-f061-4187-9eac-110ffe1f7c13
5506e091-9492-48be-b5cc-5841bb9df4eb,MD,South,1995 Pierce Lance Pumper,1995,30000,pumper-engine,Pierce,Pierce,custom,diesel,,35364,3610,,2000,500,2026-06-16T03:00:12.763Z,fa257783-f061-4187-9eac-110ffe1f7c13
ec8f056e-475b-4567-8ec6-bc6a22d5575e,MA,Northeast,2016 INTERNATIONAL DURASTAR 4300 DUMP/GRAPPLE TRUCK,2016,86900,,International,,2-door-commercial,,,50320,,,,,2026-08-14T13:47:28.908Z,55cb358d-1515-4019-b4f7-1b49d96099cd
d2ae70e4-de29-4390-850a-7aa4f75f94dc,MA,Northeast,2016 International Labrie Rear Loader,2016,50000,rear_loader,International,Labrie,2-door-commercial,diesel,,54657,,,,,2026-08-14T13:47:43.299Z,a05a1ae8-85b2-4ae3-ae67-10f5ce608164
6e3863e9-6b1b-4fd4-ba02-a347a56e4186,MA,Northeast,2018 International HX 620 Dump Truck,2018,110000,dump-truck,International,,2-door-commercial,diesel,,325000,,,,,2026-08-10T14:53:58.854Z,3e918b89-8111-4445-ab7e-2c9b49127342
e7d76216-44ef-4f9b-84c6-9bbc0f16efc0,MA,Northeast,2015 Ram 5500 4x4 Mini Rescue,2015,60000,mini-rescue,Ram,Ram,4-door-commercial,diesel,,59866,,,500,300,2026-08-10T14:54:01.637Z,6fe8c974-200e-4e53-b687-4988ae13f4ee
c5fee202-946d-45ee-8aa0-0f4a57452646,MA,Northeast,2001 KME Pumper Tanker,2001,79000,pumper-tanker,KME,KME,custom,diesel,,23200,,,1500,2500,2026-07-16T17:13:17.730Z,fb52f135-446f-4724-b502-a8d9c4f58493
390278ac-870b-4ea1-ada5-c7ae8beb45ed,MA,Northeast,Oshkosh T1500,,135000,other-apparatus,Oshkosh,Oshkosh,custom,diesel,,34453,,,1500,1500,2026-06-10T15:13:14.265Z,6092aee6-fe58-436b-b005-d30d30c4b98b
62f3177e-0f72-49e7-bbaf-504bbf1154a9,MA,Northeast,1999 Sutphen 75' Aerial,1999,85000,aerial-ladder,Sutphen,Sutphen,custom,diesel,,19000,,,1750,500,2026-07-23T14:11:42.591Z,32a48e35-feaf-449b-86e1-7631bc0b3968
57dde099-5ed4-49d9-9d38-7aa357a5587c,MA,Northeast,2013 Peterbilt 367 Dump Truck,2013,55000,dump-truck,Peterbilt,,2-door-commercial,,,500000,,,,,2026-08-05T17:09:14.149Z,3e918b89-8111-4445-ab7e-2c9b49127342
dec8b986-a7f7-4595-820d-9304ad5a7fd5,MA,Northeast,2004 Smeal International Pumper,2004,100000,pumper-engine,International,Smeal,4-door-commercial,diesel,,31292,,6942,1250,1000,2026-08-10T14:53:57.021Z,fa257783-f061-4187-9eac-110ffe1f7c13
84889c78-8082-4e5e-9ecb-71dfbf1fe648,MA,Northeast,2011 Ford Cutvan Ibak Camera Inspection Truck,2011,59900,,Ford,,2-door-commercial,,,9000,,,,,2026-08-11T13:46:06.289Z,92784232-ddd6-4355-aa20-a4cd50bb8074
a3bcc9b3-12ff-4451-906d-e2c5e1d74190,MA,Northeast,2000 International KME Pumper,2000,50000,pumper-engine,KME,International,4-door-commercial,diesel,,27413,2018,,1000,1000,2026-07-29T20:19:42.965Z,fa257783-f061-4187-9eac-110ffe1f7c13
ed3b3abf-ec20-4712-b529-d6ab484af4b2,MA,Northeast,2000 KME Excel Pumper Tanker,2000,20000,pumper-tanker,KME,KME,custom,diesel,,17505,,,1250,500,2026-07-23T14:12:56.371Z,fa257783-f061-4187-9eac-110ffe1f7c13
ed16cb86-1ca3-4e79-918f-6e39af0ea120,MA,Northeast,1996 Central States Freightliner Pumper Tanker,1996,25000,pumper-tanker,Freightliner,Central States,4-door-commercial,diesel,,22912,2598,,1250,1500,2026-08-04T14:53:37.010Z,fb52f135-446f-4724-b502-a8d9c4f58493
f8338aea-4875-4319-b7f2-40a1da484e2d,MA,Northeast,2000 Freightliner Pumper,2000,25000,pumper-engine,Freightliner,Other,4-door-commercial,diesel,,44882,,,1250,500,2026-08-12T22:01:47.335Z,fa257783-f061-4187-9eac-110ffe1f7c13
785da2ad-9310-4ff3-bb28-a95cd5b4b607,MA,Northeast,1998 E-One Pumper Tanker,1998,25000,pumper-tanker,E-One,E-One,custom,diesel,,44000,,,1500,750,2026-06-10T15:13:14.265Z,fa257783-f061-4187-9eac-110ffe1f7c13
421e4d05-0a62-4e81-8703-367cd2c251f8,MA,Northeast,2014 International Terrastar 4x4 Type I Ambulance,2014,30000,type-1,International,International,2-door-commercial,diesel,,107776,,,,,2026-07-23T14:12:38.506Z,a81d9a9c-4e1f-4d12-8a69-c1f20a885b44
76ca7a38-d88f-4953-8016-a6d03255da3b,MA,Northeast,2010 Ford 4x4 Type I Ambulance,2010,20000,type-1,Ford,Ford,2-door-commercial,diesel,,101213,,,,,2026-07-23T14:10:06.879Z,a81d9a9c-4e1f-4d12-8a69-c1f20a885b44
dc466a01-6f02-4a93-87ce-c524ea0e94c8,MA,Northeast,1993 HME Central States Pumper,1993,15000,pumper-engine,Central States,HME,custom,diesel,,13298,,530,1500,1000,2026-06-10T15:13:14.265Z,fa257783-f061-4187-9eac-110ffe1f7c13
f075f0de-336c-4d93-bdea-465e5663aa87,MA,Northeast,2015 Ford Type II Ambulance,2015,32000,type-2,Ford,Ford,4-door-commercial,diesel,,146622,,,,,2026-08-11T01:18:03.533Z,a81d9a9c-4e1f-4d12-8a69-c1f20a885b44
5eeb25b2-79c0-465f-9238-605558fbe763,MA,Northeast,2005 Freightliner Bucket Truck,2005,40000,,Freightliner,,2-door-commercial,,,18171,3664,,,,2026-07-27T15:07:43.997Z,92784232-ddd6-4355-aa20-a4cd50bb8074
354e258e-bd06-4d13-8e53-f78601462c2c,MA,Northeast,GMC C6500,,12000,,GMC,,2-door-commercial,gasoline,,43997,,,,,2026-07-14T00:33:12.961Z,79c8d05c-40dd-468d-9730-09a47f70150f
155ccd11-dc10-4c47-b22f-7ba9ee31d5df,MA,Northeast,2011 Ford 4x4 Type I Ambulance,2011,25000,type-1,Ford,Ford,2-door-commercial,diesel,,150077,,,,,2026-07-23T14:12:30.720Z,a81d9a9c-4e1f-4d12-8a69-c1f20a885b44
5aba2e80-f2f2-4974-bf4c-56b347a89e4d,MA,Northeast,1999 Pierce Saber Pumper,1999,35000,pumper-engine,Pierce,Pierce,custom,diesel,,0,4200,,1250,1000,2026-06-10T15:13:14.265Z,fa257783-f061-4187-9eac-110ffe1f7c13
1e4c551d-9e29-48d3-9adf-105a96c05788,MA,Northeast,1983 Ferrara Duplex Pumper,1983,10000,pumper-engine,Duplex,Ferrara,custom,diesel,,12482,,423,1250,1000,2026-06-10T15:13:14.265Z,fa257783-f061-4187-9eac-110ffe1f7c13
df498cd7-0ee9-42b2-acd7-8b7587fa8905,MA,Northeast,1996 Freightliner E-One Pumper,1996,8000,pumper-engine,E-One,Freightliner,4-door-commercial,diesel,,26000,,,1500,1000,2026-06-10T15:13:14.265Z,fa257783-f061-4187-9eac-110ffe1f7c13
e2037777-de05-4f82-a548-5def5fc8421f,MA,Northeast,Ferno Stair Chairs,,1800,,,,,,,,,,,,2026-08-05T20:10:41.256Z,d549ecd8-c182-4a33-939a-c54f2be00b6a
d84eb2c0-4984-45c0-a0e0-3cecfba4c516,MA,Northeast,Nozzles,,1000,,,,,,,,,,,,2026-06-23T13:34:04.639Z,b28116b1-22b6-46b3-81c4-d0066cd02437
20bfd705-8271-450d-ac80-7f66b8ce67b1,MI,Midwest,2020 Mack E-Z Pack Front Loader,2020,145000,front_loader,Mack,E-Z Pack,2-door-commercial,,,241000,15426,,,,2026-07-28T17:24:53.178Z,a05a1ae8-85b2-4ae3-ae67-10f5ce608164
5d123316-f36a-4a67-83cb-26e341d3484e,MI,Midwest,2007 Pierce Dash Pumper,2007,50000,pumper-engine,Pierce,Pierce,custom,diesel,,98874,,,1250,750,2026-08-10T14:54:17.548Z,fa257783-f061-4187-9eac-110ffe1f7c13
e22dedbd-f3e2-419c-b238-a91e5f97180f,MI,Midwest,2021 Ford 4x4 Brush Truck,2021,69000,brush-truck,Ford,Other,2-door-commercial,,,20300,,,300,180,2026-08-11T01:12:43.730Z,6fe8c974-200e-4e53-b687-4988ae13f4ee
04b8e60f-88c8-4ad4-8ad6-988e253f67bb,MI,Midwest,2020 Peterbilt E-Z Pack Front Loader,2020,210000,front_loader,Peterbilt,E-Z Pack,2-door-commercial,,,103000,308,,,,2026-07-28T17:24:45.686Z,a05a1ae8-85b2-4ae3-ae67-10f5ce608164
fcb705a6-3e23-4159-9cca-59215515e9f6,MI,Midwest,2020 Mack E-Z Pack Front Loader,2020,125000,front_loader,Mack,E-Z Pack,2-door-commercial,,,209900,14076,,,,2026-07-28T17:25:22.275Z,a05a1ae8-85b2-4ae3-ae67-10f5ce608164
f7071e22-1c7e-4825-a43c-2febbf5fdb6f,MI,Midwest,2008 KME Predator Pumper,2008,200000,pumper-engine,KME,KME,custom,diesel,,23467,,,1500,1000,2026-07-16T17:13:21.749Z,fa257783-f061-4187-9eac-110ffe1f7c13
60c2b2b7-629b-4962-bc6e-e70b81088170,MI,Midwest,2016 Mack Heil Front Loader,2016,72500,front_loader,Mack,Heil,2-door-commercial,,,292793,21522,,,,2026-07-21T13:45:00.615Z,a05a1ae8-85b2-4ae3-ae67-10f5ce608164
21923911-7cc1-4212-8705-859a252b5409,MI,Midwest,2001 Freightliner Pumper,2001,65000,pumper-engine,Freightliner,Other,2-door-commercial,diesel,,16246,,,1250,1000,2026-08-13T19:58:11.755Z,fa257783-f061-4187-9eac-110ffe1f7c13
42243180-faf6-4d74-85c3-150de2bfa13d,MI,Midwest,2019 Dodge Durango Pursuit 4x4 Command Unit,2019,28000,command-unit,Dodge,Dodge,4-door-commercial,gasoline,,79325,,,,,2026-08-12T15:12:27.301Z,804902f4-571d-45ba-a152-ba389e77cdf8
255049d4-4f3f-4800-ae7f-5d9df4fda19a,MI,Midwest,2016 Mack E-Z Pack Front Loader,2016,100000,front_loader,Mack,E-Z Pack,2-door-commercial,,,255000,17442,,,,2026-07-28T17:25:06.607Z,a05a1ae8-85b2-4ae3-ae67-10f5ce608164
475194fa-7c67-440f-9d87-8cec638e28e7,MI,Midwest,2005 Darley International Pumper,2005,90000,pumper-engine,International,Darley,4-door-commercial,diesel,,13900,,,1250,1000,2026-07-22T22:31:32.854Z,fa257783-f061-4187-9eac-110ffe1f7c13
1191739b-2057-4fbe-a421-9084c46c6823,MI,Midwest,2018 Mack E-Z Pack Front Loader,2018,115000,front_loader,Mack,E-Z Pack,2-door-commercial,,,268100,,,,,2026-07-15T21:18:49.639Z,a05a1ae8-85b2-4ae3-ae67-10f5ce608164
5f4cd1a7-65c6-4dde-9b12-a7e81cab1412,MI,Midwest,2020 Peterbilt E-Z Pack Front Loader,2020,158000,front_loader,Peterbilt,E-Z Pack,2-door-commercial,,,132000,8072,,,,2026-07-28T17:12:15.218Z,a05a1ae8-85b2-4ae3-ae67-10f5ce608164
eca112c3-1281-43a1-9510-f3dffd18e268,MI,Midwest,2020 Mack E-Z Pack Front Loader,2020,140000,front_loader,Mack,E-Z Pack,2-door-commercial,,,185000,15000,,,,2026-07-15T21:18:59.455Z,a05a1ae8-85b2-4ae3-ae67-10f5ce608164
49e12008-5d2a-463e-b83a-884ab067411d,MI,Midwest,2017 Mack Heil Front Loader,2017,100000,front_loader,Mack,Heil,2-door-commercial,,,217000,17300,,,,2026-07-28T17:24:13.216Z,a05a1ae8-85b2-4ae3-ae67-10f5ce608164
111918d3-0e91-4203-a961-3e0fe0fab859,MI,Midwest,2017 Mack Heil Front Loader,2017,111000,front_loader,Mack,Heil,2-door-commercial,,,284000,746,,,,2026-07-28T17:25:40.491Z,a05a1ae8-85b2-4ae3-ae67-10f5ce608164
266694c7-d4f5-49e7-b131-89462cae5823,MI,Midwest,1993 Pierce Dash Pumper,1993,15000,pumper-engine,Pierce,Pierce,4-door-commercial,diesel,,44727,3250,543,1250,1000,2026-08-14T13:47:11.193Z,fa257783-f061-4187-9eac-110ffe1f7c13
d979d97f-c684-44bb-89cf-15f299f1dbfe,MI,Midwest,Holiday Rambler vacationer 36F,,99000,,Ford,,custom,diesel,,18000,,,,,2026-07-19T21:50:36.258Z,79c8d05c-40dd-468d-9730-09a47f70150f
0d406c30-358d-4698-bf16-7fd08784a513,MI,Midwest,2021 Boxer 700 HDX Mini Skid-Steer,2021,29000,,,,custom,diesel,,123,300,,,,2026-06-10T15:13:14.265Z,55cb358d-1515-4019-b4f7-1b49d96099cd
4b46d8fa-6426-4bb4-af2e-a2b71e94485b,MI,Midwest,2017 Mack Heil Front Loader,2017,82000,front_loader,Mack,Heil,2-door-commercial,,,323967,23270,,,,2026-07-15T21:18:52.515Z,a05a1ae8-85b2-4ae3-ae67-10f5ce608164
6020fee0-8e7f-4cfb-bc64-ce587da1504b,MI,Midwest,1996 Amtech Freightliner Heavy Rescue,1996,19500,heavy-rescue,Freightliner,Amtech,2-door-commercial,diesel,,52000,7650,,,,2026-06-10T15:13:14.265Z,86aa5c3b-3965-4a9a-b2f8-fbcb5d0ca70a
c9c0caac-3d1e-4be7-a566-a2001cdc95d3,MI,Midwest,2009 Excellance Chevrolet 4x4 Light Rescue,2009,60000,light-rescue,Chevrolet,Excellance,2-door-commercial,,,29083,,,,,2026-08-10T14:54:33.792Z,86aa5c3b-3965-4a9a-b2f8-fbcb5d0ca70a
7e1e0bd9-bc88-4de2-9a53-e9ed7fc1bdf9,MI,Midwest,2002 Hackney Ford 4x4 Light Rescue,2002,50000,light-rescue,Ford,Hackney,custom,,,22579,,,,,2026-08-04T14:21:46.384Z,86aa5c3b-3965-4a9a-b2f8-fbcb5d0ca70a
cb430c22-a813-4bb1-9974-33ff754267b7,MI,Midwest,2004 E-One Na Pumper,2004,34500,pumper-engine,E-One,E-One,custom,diesel,,41000,999,999,1200,1250,2026-08-11T01:13:44.260Z,fa257783-f061-4187-9eac-110ffe1f7c13
245e80d9-4f86-4b57-a010-1da8dcee9186,MI,Midwest,2005 Taylor Made Freightliner Heavy Rescue,2005,35000,heavy-rescue,Freightliner,Taylor Made,2-door-commercial,diesel,,32834,2406,,,,2026-06-11T16:00:16.813Z,86aa5c3b-3965-4a9a-b2f8-fbcb5d0ca70a
9d27472a-563e-4a3d-8a3a-a35b1edd11a8,MI,Midwest,1990 Grumman FC-1250 Pumper Tanker,1990,10500,pumper-tanker,Grumman,Grumman,4-door-commercial,diesel,,59764,4208,4416,1250,1000,2026-08-05T15:23:43.303Z,fb52f135-446f-4724-b502-a8d9c4f58493
1652bfe5-0370-46f7-bd40-d487003dac2c,MI,Midwest,2000 Spartan Luverne Pumper,2000,25000,pumper-engine,Luverne,Spartan,custom,diesel,,34776,,,1250,1000,2026-07-07T03:00:26.098Z,fa257783-f061-4187-9eac-110ffe1f7c13
44e7599f-6ccf-4e4f-988c-1f4e3bb41cd3,MI,Midwest,1994 Alexis HME Pumper,1994,15000,pumper-engine,HME,Alexis,custom,diesel,,15341,212,,1500,1000,2026-06-10T15:13:14.265Z,fa257783-f061-4187-9eac-110ffe1f7c13
52a8f017-bcbe-4ddc-b371-0aa4bded42bf,MI,Midwest,1999 Pierce Saber Pumper Tanker,1999,17500,pumper-tanker,Pierce,Pierce,custom,diesel,,49124,,,150,1250,2026-08-14T18:21:51.800Z,fb52f135-446f-4724-b502-a8d9c4f58493
aa4115eb-c157-4fe5-a370-c7f76bde784b,MI,Midwest,2016 Mercury Heavy Duty Inflatable Rescue Boat,2016,5000,,,,,,,,0,,,,2026-08-11T01:12:44.341Z,5c24e3d9-20f4-458c-bf24-7d25c8c46352
aaa8eb20-b086-4a41-bc19-f26b52a0520a,MI,Midwest,2013 Mack Labrie Automated Side Loader,2013,26500,automated_side,Mack,Labrie,2-door-commercial,cng,,94000,17500,,,,2026-06-11T03:03:57.272Z,a05a1ae8-85b2-4ae3-ae67-10f5ce608164
b9323f3a-a0ce-4ab6-bd8f-367dd9c61a07,MI,Midwest,1998 Ferrara International Squad,1998,13000,squad,International,Ferrara,2-door-commercial,diesel,,19971,2670,,,,2026-07-31T20:31:15.764Z,86aa5c3b-3965-4a9a-b2f8-fbcb5d0ca70a
f0aafdcc-73b1-4cd0-bc14-36f1a722df30,MN,Midwest,2025 MidWest Freightliner 4x4 Pumper,2025,575000,pumper-engine,Freightliner,MidWest,4-door-commercial,diesel,,580,,,1250,750,2026-07-15T03:03:18.963Z,fa257783-f061-4187-9eac-110ffe1f7c13
79353d9c-fe55-4651-9dba-563e2d3381e1,MN,Midwest,2017 Heiman International Pumper Tanker,2017,260000,pumper-tanker,International,Heiman,2-door-commercial,,,31493,,,375,2000,2026-08-10T13:43:19.315Z,fb52f135-446f-4724-b502-a8d9c4f58493
b6b5b222-c917-4349-9a85-85f63ccefe9e,MN,Midwest,2023 Crestline Ford Type III Ambulance,2023,118000,type-3,Ford,Crestline,2-door-commercial,,,27297,,,,,2026-07-15T21:18:57.125Z,a81d9a9c-4e1f-4d12-8a69-c1f20a885b44
100c9279-0d98-4119-8653-8a696d19778a,MN,Midwest,2018 KME PREDATOR 109' Aerial,2018,798500,aerial-ladder,KME,KME,custom,diesel,,28691,1456,,2000,500,2026-07-15T21:18:49.521Z,32a48e35-feaf-449b-86e1-7631bc0b3968
55144a63-86dc-4667-a671-d81b3e40de12,MN,Midwest,2018 Pierce ARROW XT 75' Aerial,2018,798000,aerial-ladder,Pierce,Pierce,custom,diesel,,55495,5008,,2000,500,2026-07-15T21:18:53.017Z,32a48e35-feaf-449b-86e1-7631bc0b3968
1d325d44-5333-41dd-9bfb-ece36ecebc5d,MN,Midwest,2023 Wheeled Coach Ford Type III Ambulance,2023,108500,type-3,Ford,Wheeled Coach,2-door-commercial,gasoline,,40427,1793,,,,2026-07-15T21:18:50.469Z,a81d9a9c-4e1f-4d12-8a69-c1f20a885b44
9abc767c-0296-4a97-9f3b-f9ba3158c4f2,MN,Midwest,2022 Deep South International 4x4 Brush Truck,2022,228500,brush-truck,International,Deep South,4-door-commercial,diesel,,49792,,,400,480,2026-07-15T21:18:56.024Z,6fe8c974-200e-4e53-b687-4988ae13f4ee
1b45609e-a0a8-4bc4-8e6a-de96c6aece1b,MN,Midwest,2021 Spartan 4x4 Pumper,2021,50000,pumper-engine,Spartan,Spartan,custom,,,73000,,,1500,1000,2026-08-10T14:54:20.271Z,fa257783-f061-4187-9eac-110ffe1f7c13
f26e6532-5b3b-4b8c-9993-9a0643e2a253,MN,Midwest,2019 Pierce ENFORCER Pumper,2019,598800,pumper-engine,Pierce,Pierce,custom,diesel,,56012,5689,,1500,750,2026-07-15T21:18:59.765Z,fa257783-f061-4187-9eac-110ffe1f7c13
2fae6833-971b-4f0e-92e8-24822ccec6da,MN,Midwest,2023 Horton Ford 4x4 Type I Ambulance,2023,188500,type-1,Ford,Horton,2-door-commercial,gasoline,,35407,1945,,,,2026-07-15T21:18:51.280Z,a81d9a9c-4e1f-4d12-8a69-c1f20a885b44
83ae0c7c-3830-46e9-b32d-08d40de70cc8,MN,Midwest,2016 Deep South International Pumper,2016,268800,pumper-engine,International,Deep South,4-door-commercial,diesel,,88738,5339,,1500,1000,2026-07-15T21:18:55.117Z,fa257783-f061-4187-9eac-110ffe1f7c13
114ce38e-88ca-452b-a668-5c356cae391d,MN,Midwest,2016 Spartan Pumper,2016,248000,pumper-engine,Spartan,Spartan,custom,diesel,,108335,7692,,1750,750,2026-07-15T21:18:49.639Z,fa257783-f061-4187-9eac-110ffe1f7c13
87c1ef80-6ed1-4336-a434-b22e1d124892,MN,Midwest,2020 Peterbilt Heil Front Loader,2020,228000,front_loader,Peterbilt,Heil,2-door-commercial,cng,,113214,6629,,,,2026-07-15T21:18:55.233Z,a05a1ae8-85b2-4ae3-ae67-10f5ce608164
ee856d47-3529-4e7f-bf3c-5f91147e4416,MN,Midwest,2019 McCoy Miller Ford Type I Ambulance,2019,88500,type-1,Ford,McCoy Miller,2-door-commercial,diesel,,27966,,,,,2026-07-15T21:18:59.559Z,a81d9a9c-4e1f-4d12-8a69-c1f20a885b44
061be6a0-d707-4bb7-b2c4-e6f8056fa783,MN,Midwest,2021 AEV Freightliner Type I Ambulance,2021,118800,type-1,Freightliner,AEV,2-door-commercial,diesel,,151631,6928,,,,2026-06-10T15:13:14.265Z,a81d9a9c-4e1f-4d12-8a69-c1f20a885b44
e3e9922d-ba75-48f6-b5eb-24d3f0539611,MN,Midwest,2014 Danko Freightliner Pumper Tanker,2014,228500,pumper-tanker,Freightliner,Danko,2-door-commercial,diesel,,11061,537,,,2000,2026-07-15T21:18:59.135Z,fb52f135-446f-4724-b502-a8d9c4f58493
ca3419d1-bac6-4c4e-9842-bce67929efbd,MN,Midwest,2013 Pierce ARROW XT Pumper,2013,298500,pumper-engine,Pierce,Pierce,custom,diesel,,75787,5286,,1500,750,2026-07-15T21:18:57.994Z,fa257783-f061-4187-9eac-110ffe1f7c13
f9239f47-6743-4153-8fa7-7ff7541ba5b0,MN,Midwest,2021 Ram 4x4 Brush Truck,2021,42500,brush-truck,Ram,Other,4-door-commercial,gasoline,,86804,,,,250,2026-06-10T15:13:14.265Z,6fe8c974-200e-4e53-b687-4988ae13f4ee
11878656-3215-4796-a805-59362608520c,MN,Midwest,2012 Toyne Freightliner Pumper Tanker,2012,148500,pumper-tanker,Freightliner,Toyne,4-door-commercial,diesel,,48221,2401,,1000,1300,2026-07-15T21:18:49.639Z,fa257783-f061-4187-9eac-110ffe1f7c13
5f75148a-c5a1-447a-8b08-578ddbd7bb12,MN,Midwest,2022 Ford Interceptor Command Unit,2022,26500,command-unit,Ford,Ford,4-door-commercial,gasoline,,88900,,,,,2026-08-07T03:46:14.910Z,804902f4-571d-45ba-a152-ba389e77cdf8
b823dcc8-4068-42a1-ba04-e8b7dbff78d1,MN,Midwest,1999 Pierce 100' Aerial,1999,250000,aerial-ladder,Pierce,Pierce,,,,9972,,,2000,,2026-07-16T19:53:16.057Z,32a48e35-feaf-449b-86e1-7631bc0b3968
afa3e708-f6be-40e1-a090-799d6847d3db,MN,Midwest,2023 AEV Ford Type III Ambulance,2023,98500,type-3,Ford,AEV,2-door-commercial,,,44505,2563,,,,2026-07-15T21:18:56.892Z,a81d9a9c-4e1f-4d12-8a69-c1f20a885b44
0fe7b9ef-7471-4dd4-9c6f-a5f19b682a16,MN,Midwest,2012 Rosenbauer International Pumper,2012,98800,pumper-engine,International,Rosenbauer,4-door-commercial,diesel,,33854,3330,,1250,250,2026-07-15T21:18:49.521Z,fa257783-f061-4187-9eac-110ffe1f7c13
8c19e144-1df0-487b-a4c3-a2a2c2287614,MN,Midwest,2017 Peterbilt 567 Dump Truck,2017,125000,dump-truck,Peterbilt,,2-door-commercial,,,358000,,,,,2026-07-20T21:35:36.223Z,3e918b89-8111-4445-ab7e-2c9b49127342
f9542919-e88e-4f94-ac23-bd2611af02b5,MN,Midwest,2020 Freightliner M2 Dump Truck,2020,69000,dump-truck,Freightliner,,2-door-commercial,,,158000,,,,,2026-08-10T13:24:13.723Z,3e918b89-8111-4445-ab7e-2c9b49127342
6c626577-d803-4a8c-a14d-19b842d5225e,MN,Midwest,1995 MidWest GMC Pumper Tanker,1995,55000,pumper-tanker,GMC,MidWest,2-door-commercial,,,10860,,,1250,1500,2026-08-03T14:30:07.825Z,fb52f135-446f-4724-b502-a8d9c4f58493
7ce23ec8-26a4-48d4-b622-286de666f350,MN,Midwest,2021 AEV International 4x4 Type I Ambulance,2021,98800,type-1,International,AEV,2-door-commercial,diesel,,98051,,,,,2026-06-10T15:13:14.265Z,a81d9a9c-4e1f-4d12-8a69-c1f20a885b44
5f2de84c-a42e-41e5-9c50-357cac6d6547,MN,Midwest,2005 General Safety Freightliner Heavy Rescue,2005,85000,heavy-rescue,Freightliner,General Safety,4-door-commercial,diesel,,11449,1369,,,,2026-08-10T14:54:29.539Z,86aa5c3b-3965-4a9a-b2f8-fbcb5d0ca70a
0342a903-2f41-48e9-8fd2-30bcb6e8caa7,MN,Midwest,2006 Rosenbauer Spartan Pumper,2006,90000,pumper-engine,Spartan,Rosenbauer,custom,diesel,,53320,3753,,1500,750,2026-07-22T16:01:47.547Z,fa257783-f061-4187-9eac-110ffe1f7c13
6b873166-0db7-4684-b71c-69fa3397c22c,MN,Midwest,2012 International Wildland Unit,2012,198800,wildland-unit,International,Other,2-door-commercial,diesel,,23939,2219,187,284,1246,2026-07-15T21:18:54.095Z,f3b8e9a7-fcba-45c1-8eb0-c1f645a9a557
ec44e206-6f37-44cb-9aeb-1e3a77dddb5d,MN,Midwest,2021 Osage Ford Type III Ambulance,2021,98800,type-3,Ford,Osage,2-door-commercial,gasoline,,57560,,,,,2026-07-15T21:18:59.455Z,a81d9a9c-4e1f-4d12-8a69-c1f20a885b44
435ca708-9cf2-4170-a1d4-b9ec4e864dc3,MN,Midwest,2022 Osage Ford Type III Ambulance,2022,89500,type-3,Ford,Osage,2-door-commercial,,,104424,,,,,2026-06-10T15:13:14.265Z,a81d9a9c-4e1f-4d12-8a69-c1f20a885b44
003245da-9927-45e1-9fb4-6b8906d999d9,MS,South,1990 Ferrara Pumper,1990,19000,pumper-engine,Ferrara,Ferrara,2-door-commercial,diesel,,14530,,,1000,750,2026-07-22T21:55:53.813Z,fa257783-f061-4187-9eac-110ffe1f7c13
f171bb3a-a283-4a74-891c-bfc5a144c1e1,MS,South,1998 Western Star 4900 Dump Truck,1998,44000,dump-truck,Western Star,,2-door-commercial,diesel,,375000,,,,,2026-06-16T22:28:00.144Z,3e918b89-8111-4445-ab7e-2c9b49127342
a85f0e29-917d-46c7-907d-c60bbfba99bd,MO,Midwest,2014 Pierce Quantum Pumper,2014,175000,pumper-engine,Pierce,Pierce,custom,diesel,,109250,9773,,1500,700,2026-07-21T15:52:08.372Z,fa257783-f061-4187-9eac-110ffe1f7c13
cb304ea7-aa9c-4a8e-b21c-eeb0e7e1a2cc,MO,Midwest,2017 Mack New Way Automated Side Loader,2017,50000,automated_side,Mack,New Way,2-door-commercial,cng,,103911,3793,,,,2026-08-13T17:09:20.277Z,a05a1ae8-85b2-4ae3-ae67-10f5ce608164
a3ebcdce-6621-4549-ab89-ae0d6aac224f,MO,Midwest,Clean Low Mile 2023 Ford Explorer Police Interceptor Utility,2023,20000,,,,4-door-commercial,gasoline,,76755,,,,,2026-08-11T19:59:11.428Z,37fb2938-3157-4579-ab35-6ab2e7a39f89
5132d9cb-c2e5-45d9-8cee-f4534a4b489d,MO,Midwest,New 2024 Dennis Eagle Cab and Chassis Save up to 50k,2024,89500,,Dennis Eagle,,2-door-commercial,diesel,,1100,,,,,2026-07-30T16:10:35.389Z,79c8d05c-40dd-468d-9730-09a47f70150f
5e4dcbc8-6219-427a-a137-9b9742f70046,MO,Midwest,304E2,,44500,,,,custom,diesel,,3047,3047,,,,2026-08-13T13:51:09.037Z,55cb358d-1515-4019-b4f7-1b49d96099cd
6e593280-ee06-427f-9a68-0477840eb5c5,MO,Midwest,2001 Freightliner Tanker,2001,105000,tanker-tender,Freightliner,Other,2-door-commercial,diesel,,41300,,,0,2500,2026-08-06T01:54:25.697Z,fb52f135-446f-4724-b502-a8d9c4f58493
e52b9d70-e2f5-4a70-80b9-2690e4ae4aa7,MO,Midwest,2016 Chevrolet Tahoe Command Unit,2016,13500,command-unit,Chevrolet,Chevrolet,4-door-commercial,gasoline,,116000,,,,,2026-08-03T14:29:18.244Z,804902f4-571d-45ba-a152-ba389e77cdf8
8d37b78e-746a-4a79-8428-156fb74e0dd8,MO,Midwest,2012 International Labrie Side Loader,2012,15000,side_loader,International,Labrie,custom,diesel,,133865,15164,,,,2026-08-13T19:26:26.379Z,a05a1ae8-85b2-4ae3-ae67-10f5ce608164
0e0cd580-2513-45c4-bb1c-038b76b284a9,MO,Midwest,2004 Semo Freightliner Pumper Tanker,2004,179999,pumper-tanker,Freightliner,Semo,2-door-commercial,diesel,,98000,6600,,500,1800,2026-07-28T21:16:27.851Z,fb52f135-446f-4724-b502-a8d9c4f58493
b74c3baf-63ff-49d5-9571-98882de4af1e,MO,Midwest,Skid Steer,,45850,,Caterpillar,,2-door-commercial,diesel,,4750,1500,,,,2026-08-11T19:58:37.119Z,55cb358d-1515-4019-b4f7-1b49d96099cd
f05a46ed-b9a2-416e-9261-ad0c27f8096a,MO,Midwest,2009 Kenworth T800 Dump Truck,2009,99850,dump-truck,Kenworth,,2-door-commercial,diesel,,207000,,,,,2026-08-11T19:58:49.542Z,3e918b89-8111-4445-ab7e-2c9b49127342
0a5d8645-0001-4ea1-8b3c-9eb5045b4d4a,MO,Midwest,2019 Ford F350 Type I Ambulance,2019,17500,type-1,Ford,Ford,2-door-commercial,diesel,,195461,,,,,2026-08-07T20:40:27.033Z,a81d9a9c-4e1f-4d12-8a69-c1f20a885b44
b9bd4d85-1f02-4f8a-ac8f-00b7d9f1fe88,MO,Midwest,2007 Pierce Saber Heavy Rescue,2007,50000,heavy-rescue,Pierce,Pierce,custom,diesel,,61256,5425,,,,2026-08-11T01:15:35.338Z,86aa5c3b-3965-4a9a-b2f8-fbcb5d0ca70a
7f7fb70a-c9d5-4cfb-af6f-2a22abba0adf,MO,Midwest,2009 Chevrolet Kodiak 5500 4x4 Squad,2009,85000,squad,Chevrolet,Chevrolet,4-door-commercial,diesel,,15721,,,,,2026-07-16T17:13:16.452Z,86aa5c3b-3965-4a9a-b2f8-fbcb5d0ca70a
d122afe3-fbe7-497f-9afd-fb628b6b323d,MO,Midwest,2005 Pierce Dash Pumper,2005,85000,pumper-engine,Pierce,Pierce,custom,diesel,,97362,2408,529,1250,500,2026-07-24T16:22:04.578Z,fa257783-f061-4187-9eac-110ffe1f7c13
bc8e29da-67f5-4ab4-9b32-296b364e3a3c,MO,Midwest,2005 Rosenbauer Spartan Rescue Pumper,2005,80000,rescue-pumper,Spartan,Rosenbauer,custom,diesel,,98000,5000,,1750,750,2026-07-20T18:26:56.630Z,86aa5c3b-3965-4a9a-b2f8-fbcb5d0ca70a
e71e22d6-8491-4011-a24d-4e03a26abb06,MO,Midwest,1990 Oshkosh R-11 Tanker,1990,24790,tanker-tender,Oshkosh,Oshkosh,2-door-commercial,diesel,,16723,6353,,600,6000,2026-07-28T18:31:58.492Z,fb52f135-446f-4724-b502-a8d9c4f58493
60c23516-9f04-427e-809e-c3b40461a4b3,MO,Midwest,2000 American LaFrance Eagle 100' Aerial,2000,39999,aerial-ladder,American LaFrance,American LaFrance,custom,diesel,,32850,3461,,2000,500,2026-07-31T14:48:43.656Z,32a48e35-feaf-449b-86e1-7631bc0b3968
b3d0cd0e-dc3b-4175-bda8-58122515395a,MO,Midwest,1995 Pierce Quantum 75' Quint,1995,40000,quint,Pierce,Pierce,custom,diesel,,14101,3470,,1500,500,2026-08-11T01:14:49.302Z,32a48e35-feaf-449b-86e1-7631bc0b3968
fa7eee7b-8ec5-470e-afe8-1958721c4e6d,MO,Midwest,1997 E-One Telesquirt 50' Telesquirt,1997,49000,telesquirt,E-One,E-One,custom,diesel,,25000,1944,,2000,500,2026-08-02T16:40:58.106Z,32a48e35-feaf-449b-86e1-7631bc0b3968
f74d384a-2469-4bfb-b097-7b8939c32342,MO,Midwest,1999 Summit Freightliner Squad,1999,70000,squad,Freightliner,Summit,4-door-commercial,diesel,,38989,,,,,2026-06-10T15:13:14.265Z,86aa5c3b-3965-4a9a-b2f8-fbcb5d0ca70a
c4db7783-abd8-4c6b-aa0a-e4c7f9322ebf,MO,Midwest,2000 Ford F-250 Light Rescue,2000,27500,light-rescue,Ford,Ford,4-door-commercial,gasoline,,87729,,,,,2026-08-12T12:58:46.555Z,86aa5c3b-3965-4a9a-b2f8-fbcb5d0ca70a
4520208f-a87c-4fb7-8343-968233aecf13,MO,Midwest,1996 E-One Cyclone Pumper,1996,20000,pumper-engine,E-One,E-One,2-door-commercial,diesel,,11077,1234,,1000,750,2026-06-30T03:00:04.755Z,fa257783-f061-4187-9eac-110ffe1f7c13
24de4999-d879-4bdd-80a1-9a2c7c6820ea,MO,Midwest,1996 E-One Pumper,1996,30000,pumper-engine,E-One,E-One,custom,diesel,,65994,4931,,2000,1275,2026-06-10T15:13:14.265Z,fa257783-f061-4187-9eac-110ffe1f7c13
07977d69-f9b9-4723-a4a7-f1d4f1f4857b,MO,Midwest,1997 Ferrara HME Pumper,1997,30000,pumper-engine,HME,Ferrara,custom,diesel,,3000,3856,0,1250,1000,2026-06-12T03:01:39.033Z,fa257783-f061-4187-9eac-110ffe1f7c13
d199e314-6ac3-4217-94f2-f4c2e939169f,MO,Midwest,1995 Mack RB688 Dump Truck,1995,34500,dump-truck,Mack,,2-door-commercial,diesel,,597000,,,,,2026-07-09T20:27:33.787Z,3e918b89-8111-4445-ab7e-2c9b49127342
0f681d13-06b8-43ad-b35f-3eb85f2ff7c4,MO,Midwest,1990 Central States Ford Pumper,1990,12000,pumper-engine,Ford,Central States,2-door-commercial,diesel,,47592,,,1000,1000,2026-07-12T03:00:30.137Z,fa257783-f061-4187-9eac-110ffe1f7c13
17586848-6816-49b2-a330-4c1a6deb848e,MO,Midwest,1995 Pierce Pumper Tanker,1995,40000,pumper-tanker,Pierce,Pierce,custom,diesel,,67000,,,1000,1000,2026-06-10T15:13:14.265Z,fa257783-f061-4187-9eac-110ffe1f7c13
8df0aee5-41ef-44c8-9637-3eac536d1d0c,MO,Midwest,1995 Pierce Pumper,1995,10000,pumper-engine,Pierce,Pierce,custom,diesel,,100469,6530,,1250,1000,2026-06-10T15:13:14.265Z,fa257783-f061-4187-9eac-110ffe1f7c13
c4d25103-26b1-4fa2-b061-e90c19ce7639,MO,Midwest,1981 Pierce Duplex Pumper,1981,5000,pumper-engine,Duplex,Pierce,custom,diesel,,15000,14504,2391,1250,1000,2026-06-10T15:13:14.265Z,fa257783-f061-4187-9eac-110ffe1f7c13
c0f67ef0-ab86-45ab-840e-6ae0e1624231,MO,Midwest,Icom ic-f9011,,300,,,,,,,,,,,,2026-08-07T01:01:49.346Z,b28116b1-22b6-46b3-81c4-d0066cd02437
1e11058c-e18d-4ed7-a7b8-a7fe34ee12fa,NE,Midwest,1981 Smeal Ford Tanker,1981,20000,tanker-tender,Ford,Smeal,2-door-commercial,gasoline,,9698,,,,1200,2026-08-11T01:12:44.610Z,fb52f135-446f-4724-b502-a8d9c4f58493
0e18d890-d563-415f-acc0-0e1c71d28f23,NE,Midwest,2017 Peterbilt Heil Automated Side Loader,2017,89500,automated_side,Peterbilt,Heil,2-door-commercial,diesel,,159000,9013,,,,2026-07-16T17:58:37.038Z,a05a1ae8-85b2-4ae3-ae67-10f5ce608164
d2e25ea0-fcff-4285-bae5-804ff9e321c7,NE,Midwest,2008 Chevrolet 2008 Wheeled Coach Type I Ambulance,2008,40000,type-1,Chevrolet,Chevrolet,2-door-commercial,,,59096,,,,,2026-06-10T15:13:14.265Z,a81d9a9c-4e1f-4d12-8a69-c1f20a885b44
3033ebce-c8cd-4d83-9225-cd8d45bf4b5b,NE,Midwest,2000 MedTec Ford Type III Ambulance,2000,25000,type-3,Ford,MedTec,2-door-commercial,,,36500,,,,,2026-06-10T15:13:14.265Z,a81d9a9c-4e1f-4d12-8a69-c1f20a885b44
a8a7813c-ea07-44db-bf9b-f4e9939e0276,NE,Midwest,2007 MedTec Ford Type III Ambulance,2007,30000,type-3,Ford,MedTec,2-door-commercial,diesel,,14823,,,,,2026-08-07T20:43:55.255Z,a81d9a9c-4e1f-4d12-8a69-c1f20a885b44
f134732a-f524-4ba4-8bde-69fe5f1fced2,NV,West,2023 Ford F550 Brush Truck,2023,289000,brush-truck,Ford,Ford,4-door-commercial,diesel,,600,,,0,0,2026-07-14T13:56:49.379Z,6fe8c974-200e-4e53-b687-4988ae13f4ee
71027648-a62e-4ebd-b71e-f6edc484224d,NV,West,2010 Pierce Velocity Rescue Pumper,2010,274990,rescue-pumper,Pierce,Pierce,custom,diesel,,114000,3801,11,1500,550,2026-07-16T17:13:26.107Z,86aa5c3b-3965-4a9a-b2f8-fbcb5d0ca70a
583f7500-c888-47a9-9570-f24a495adaf2,NV,West,2007 Pierce Wildland Unit,2007,149900,wildland-unit,Other,Pierce,4-door-commercial,diesel,,145000,,,500,650,2026-08-10T14:54:06.975Z,f3b8e9a7-fcba-45c1-8eb0-c1f645a9a557
03fc7bf5-f83e-4af1-95d7-442794cb6858,NV,West,2003 Pierce Dash 75' Quint,2003,170000,quint,Pierce,Pierce,custom,diesel,,52373,,,2000,500,2026-07-16T17:13:27.213Z,32a48e35-feaf-449b-86e1-7631bc0b3968
12fe8f54-a4bf-4970-9f1f-62f385c99fe9,NV,West,2006 Fouts Brothers Ford Brush Truck,2006,50000,brush-truck,Ford,Fouts Brothers,4-door-commercial,diesel,,26493,,,,250,2026-07-02T22:09:38.546Z,6fe8c974-200e-4e53-b687-4988ae13f4ee
2f1ad606-abe0-44b2-b084-39bee7061c28,NV,West,2001 Pierce Quantum Pumper,2001,30000,pumper-engine,Pierce,Pierce,custom,diesel,,99578,11715,570,2000,500,2026-07-08T03:00:30.821Z,fa257783-f061-4187-9eac-110ffe1f7c13
09e5db65-75db-44ca-ad0d-bada1ff20327,NV,West,2015 Excellance Freightliner Type I Ambulance,2015,89900,type-1,Freightliner,Excellance,4-door-commercial,diesel,,144900,,,,,2026-07-14T21:31:44.560Z,a81d9a9c-4e1f-4d12-8a69-c1f20a885b44
17055ad3-e12b-44ad-a323-f5becb3d21b1,NV,West,2003 American LaFrance 100' Aerial,2003,72000,aerial-ladder,American LaFrance,American LaFrance,custom,diesel,,21342,,,,,2026-07-14T03:00:42.580Z,32a48e35-feaf-449b-86e1-7631bc0b3968
05f2d643-f6d8-461a-88c4-8be18b93fd15,NV,West,2002 KME Predator Pumper,2002,49999,pumper-engine,KME,KME,4-door-commercial,diesel,,126750,9695,,1500,750,2026-07-28T17:43:58.518Z,fa257783-f061-4187-9eac-110ffe1f7c13
5dc87c9a-2035-4724-b30c-fccab515d39f,NV,West,2014 Road Rescue Chevrolet Type III Ambulance,2014,22000,type-3,Chevrolet,Road Rescue,2-door-commercial,diesel,,147000,12000,,,,2026-08-12T16:03:16.010Z,a81d9a9c-4e1f-4d12-8a69-c1f20a885b44
7d38e2bc-a7b8-4f48-b54a-565d7df27bbb,NV,West,5in Hard Suction Draft Hose 10ft sections,,500,,,,,,,,,,,,2026-08-07T01:01:42.996Z,b28116b1-22b6-46b3-81c4-d0066cd02437
abf11b44-8f89-4c49-9117-c72bea911ab9,NV,West,Large Lot of Honeywell Bottles,,4000,,,,,,,,,,,,2026-07-21T00:19:57.043Z,b28116b1-22b6-46b3-81c4-d0066cd02437
a1e26f37-72e1-4bc1-a1c8-29529d250277,NH,Northeast,2006 International E-One Pumper Tanker,2006,125000,pumper-tanker,E-One,International,2-door-commercial,,,14764,,,1250,1500,2026-08-14T21:27:35.311Z,fb52f135-446f-4724-b502-a8d9c4f58493
40477a61-b7b4-4189-b2aa-2fd0a497640d,NH,Northeast,1997 HME 4x4 Light Rescue,1997,35000,light-rescue,HME,HME,custom,diesel,,17400,1446,,250,300,2026-07-10T03:00:34.984Z,86aa5c3b-3965-4a9a-b2f8-fbcb5d0ca70a
b490a33e-04c8-4eed-bcf3-86dce248e735,NH,Northeast,2005 Spartan Pumper,2005,10000,pumper-engine,Spartan,Spartan,4-door-commercial,,,64726,4174,,1250,1000,2026-08-13T01:27:45.743Z,fa257783-f061-4187-9eac-110ffe1f7c13
478c1b13-f7ce-49f0-ad16-4db526f00059,NH,Northeast,1997 Valley Fire Spartan Pumper Tanker,1997,20000,pumper-tanker,Spartan,Valley Fire,custom,diesel,,43000,,,1500,1000,2026-06-12T03:01:57.452Z,fa257783-f061-4187-9eac-110ffe1f7c13
a31a6fe6-87c5-4256-946f-1c541a4575c4,NH,Northeast,2008 Ford 4x4 Light Rescue,2008,75000,light-rescue,Ford,Ford,4-door-commercial,,,52000,,,,,2026-07-15T03:00:46.304Z,86aa5c3b-3965-4a9a-b2f8-fbcb5d0ca70a
b16705ca-7003-4b25-a679-83d03c3199e4,NH,Northeast,2012 International  7400 SFA 4×2 Dump Truck w/ Plow,2012,92000,dump-truck,International,,2-door-commercial,diesel,,38851,4178,,,,2026-06-30T03:00:07.305Z,3e918b89-8111-4445-ab7e-2c9b49127342
54635b26-6e16-4952-960a-e21a96ccfe3c,NH,Northeast,1994 Sutphen 100' Aerial,1994,22000,aerial-ladder,Sutphen,Sutphen,custom,diesel,,84000,,,,,2026-06-10T15:13:14.265Z,32a48e35-feaf-449b-86e1-7631bc0b3968
927b27b0-4bed-4bb9-844c-22d8b4c7186d,NH,Northeast,1993 KME Freightliner Pumper,1993,20000,pumper-engine,Freightliner,KME,4-door-commercial,diesel,,26159,,,1250,1000,2026-06-11T03:03:44.349Z,fa257783-f061-4187-9eac-110ffe1f7c13
f8d40237-1d16-4e21-b268-9f055b28614d,NH,Northeast,1996 HME 4x4 Pumper,1996,35000,pumper-engine,HME,HME,4-door-commercial,,,24652,,,1250,750,2026-07-15T03:00:53.080Z,fa257783-f061-4187-9eac-110ffe1f7c13
5324eb52-838e-4b58-a849-f6ed9cfc6e86,NH,Northeast,1988 International Pumper,1988,10000,pumper-engine,International,International,2-door-commercial,diesel,,29000,1022,,1000,1000,2026-08-11T01:16:29.711Z,fa257783-f061-4187-9eac-110ffe1f7c13
7d6d0e24-75ab-47bb-8dff-9067e17d7824,NH,Northeast,1988 E-One Pumper,1988,7500,pumper-engine,E-One,E-One,custom,diesel,,122000,,,1500,750,2026-07-06T14:43:15.372Z,fa257783-f061-4187-9eac-110ffe1f7c13
797fa1df-70ec-48d4-bf7f-1e7079a2f165,NH,Northeast,2x Akron 2.5” selectable gallonage nozzel,,189,,,,,,,,,,,,2026-01-16T19:58:07.322Z,b28116b1-22b6-46b3-81c4-d0066cd02437
225abe49-56e2-4660-b636-a093ef3915fd,NH,Northeast,4x 1.5” TFT Mid-Matic dual pressure nozzel,,378,,,,,,,,,,,,2026-01-16T19:58:07.304Z,b28116b1-22b6-46b3-81c4-d0066cd02437
c7d641f2-fb5a-468d-8c7e-2087b85c7a66,NH,Northeast,Command Box,,105,,,,,,,,,,,,2026-01-16T20:00:34.922Z,b28116b1-22b6-46b3-81c4-d0066cd02437
d7422256-e70d-40ec-bf64-1724c7519ecb,NH,Northeast,Haz-mat Decon Shower Kit,,525,,,,,,,,,,,,2026-01-16T19:53:52.153Z,b28116b1-22b6-46b3-81c4-d0066cd02437
8e96407d-a374-47a2-9037-3325c5d3886b,NH,Northeast,7x 2.5” TFT Automatic 95-300GPM,,662,,,,,,,,,,,,2026-01-16T19:57:37.025Z,b28116b1-22b6-46b3-81c4-d0066cd02437
431dedd8-58ee-4b07-9fff-3b115b711db5,NH,Northeast,76x Scott Safety 30 min bottles,,5985,,,,,,,,,,,,2026-01-16T19:57:27.279Z,b28116b1-22b6-46b3-81c4-d0066cd02437
9421a31a-bdbb-40ac-963a-f0a71daf5021,NH,Northeast,25x Scott Safety 30 min bottles,,945,,,,,,,,,,,,2026-01-16T19:57:27.226Z,b28116b1-22b6-46b3-81c4-d0066cd02437
871d3419-7bc6-4397-ae32-3406f7d60cbf,NH,Northeast,Honda 1000 Generator/Inverter (non-running),,35,,,,,,,,,,,,2026-01-16T19:53:22.863Z,b28116b1-22b6-46b3-81c4-d0066cd02437
ca264e66-f29a-4306-842e-a056966a1b29,NH,Northeast,4x 1.5” TFT Automatic 95-300GPM nozzles (repair needed),,189,,,,,,,,,,,,2026-01-16T19:57:36.989Z,b28116b1-22b6-46b3-81c4-d0066cd02437
c65d26f2-6123-4931-95cf-44842a74545e,NH,Northeast,10x Scott Safety 60 min bottles,,1103,,,,,,,,,,,,2026-01-16T19:50:12.685Z,b28116b1-22b6-46b3-81c4-d0066cd02437
d056a42d-bbba-4b3d-9afa-07be73c1c2cc,NH,Northeast,Honda 1000 Generator/Inverter,,280,,,,,,,,,,,,2026-01-16T19:54:37.383Z,b28116b1-22b6-46b3-81c4-d0066cd02437
962d6d3e-7adc-4598-87c7-95d4a7bd33de,NH,Northeast,Cascade system,,1200,,,,,,,,,,,,2026-08-07T01:02:18.828Z,b28116b1-22b6-46b3-81c4-d0066cd02437
9d6d43ae-d53f-4dd9-8879-8c88d4b1ce2b,NJ,Northeast,2023 Mack Ozark Roll-Off,2023,120000,roll_off,Mack,Ozark,2-door-commercial,diesel,,91000,,,,,2026-07-16T17:58:38.267Z,bab99702-5935-4654-a9bb-fcc8d593c293
57c00dbd-0fe3-437c-b681-d1f4329435f3,NJ,Northeast,2023 Kenworth T880 Dump Truck,2023,205000,dump-truck,Kenworth,,2-door-commercial,diesel,,151000,,,,,2026-07-16T17:58:54.650Z,3e918b89-8111-4445-ab7e-2c9b49127342
55acc7f9-5d0f-44c6-bb44-6d509c3b8f92,NJ,Northeast,Mobile Surveillance Tower,,210000,,,,2-door-commercial,,,,,,,,2026-08-11T01:15:41.747Z,6092aee6-fe58-436b-b005-d30d30c4b98b
6d06b05c-2e51-41ac-aa37-2e58c6e87d7e,NJ,Northeast,2022 Polaris Ranger XP UTV,2022,16000,other-apparatus,Other,Other,custom,diesel,,115,,,,,2026-07-16T19:57:58.388Z,6092aee6-fe58-436b-b005-d30d30c4b98b
bb9dc9da-1d00-4671-bb94-7139ee9327c9,NJ,Northeast,2020 Volvo Dump Truck,2020,125000,dump-truck,Volvo,,2-door-commercial,diesel,,510102,,,,,2026-07-15T21:18:57.351Z,3e918b89-8111-4445-ab7e-2c9b49127342
52a7e6f4-6476-4e35-9b16-677d1daedd92,NJ,Northeast,2007 American LaFrance ISL Pumper,2007,90000,pumper-engine,American LaFrance,American LaFrance,custom,diesel,,18663,,,1500,750,2026-07-16T17:13:21.574Z,fa257783-f061-4187-9eac-110ffe1f7c13
60c168ea-b140-4708-a1a9-40fad45d56d2,NJ,Northeast,2020 Kenworth W900,2020,178000,dump-truck,Kenworth,,2-door-commercial,diesel,,319273,,,,,2026-07-16T17:58:54.724Z,3e918b89-8111-4445-ab7e-2c9b49127342
871a4a25-d1a7-473b-9d95-6d3885e6d731,NJ,Northeast,2000 Pierce Saber Pumper Tanker,2000,85000,pumper-tanker,Pierce,Pierce,custom,,,34000,,,1500,1500,2026-07-27T19:24:00.194Z,fb52f135-446f-4724-b502-a8d9c4f58493
18b14613-f293-439d-94d1-d76730ab1f79,NJ,Northeast,2005 American LaFrance Pumper,2005,50000,pumper-engine,American LaFrance,American LaFrance,custom,diesel,,43431,4716,,2000,500,2026-08-10T14:54:31.617Z,fa257783-f061-4187-9eac-110ffe1f7c13
2cc6cb34-b810-47b5-83d0-04e7b6af4d30,NJ,Northeast,2005 American LaFrance Freightliner Pumper,2005,65000,pumper-engine,Freightliner,American LaFrance,custom,diesel,,17574,,,1500,750,2026-08-10T14:54:31.157Z,fa257783-f061-4187-9eac-110ffe1f7c13
e48ef7e4-914b-4b78-8ce7-94861dca3031,NJ,Northeast,2013 International Heil Rear Loader,2013,25000,rear_loader,International,Heil,2-door-commercial,diesel,,189727,21912,,,,2026-08-12T20:13:53.887Z,a05a1ae8-85b2-4ae3-ae67-10f5ce608164
a53faa6d-5564-4447-8d00-a881f9dbc4d0,NJ,Northeast,2015 Kenworth W900L,2015,110000,dump-truck,Kenworth,,2-door-commercial,diesel,,235000,,,,,2026-07-15T21:18:56.482Z,3e918b89-8111-4445-ab7e-2c9b49127342
8afae3c2-8041-4f0e-abdb-48c74934078b,NJ,Northeast,2008 International Vactor Jetter,2008,47000,jetter,International,Vactor,2-door-commercial,diesel,,14000,2300,,,1000,2026-08-13T15:38:16.718Z,399f25f9-1380-427d-a067-7e931d2d4dde
43937124-2d90-4db4-8723-4db39ae9c88b,NJ,Northeast,1998 KME 95' Aerial,1998,38000,aerial-ladder,KME,KME,custom,diesel,,22345,3991,,0,0,2026-08-11T01:12:45.230Z,32a48e35-feaf-449b-86e1-7631bc0b3968
b97a006a-77d6-49f8-ae66-c242ad3d9c96,NJ,Northeast,2006 Pierce Enforcer Pumper,2006,45000,pumper-engine,Pierce,Pierce,custom,diesel,,11848,1969,,1500,0,2026-08-11T01:13:55.538Z,fa257783-f061-4187-9eac-110ffe1f7c13
497dd2dd-e726-4bc1-87f3-1dc2c10777f6,NJ,Northeast,1993 Pierce Dash Pumper,1993,12500,pumper-engine,Pierce,Pierce,custom,diesel,,26036,2476,,1500,750,2026-08-11T01:14:41.747Z,fa257783-f061-4187-9eac-110ffe1f7c13
d0bdde52-67c1-42a5-892a-bf40d03146aa,NJ,Northeast,2017 Mack Dump Truck,2017,88500,dump-truck,Mack,,2-door-commercial,diesel,,510891,,,,,2026-07-15T21:18:58.253Z,3e918b89-8111-4445-ab7e-2c9b49127342
9e43f4e0-d188-4f86-9cda-61088531208d,NJ,Northeast,1990 E-One Pumper,1990,15000,pumper-engine,E-One,E-One,custom,diesel,,25423,2836,,1750,750,2026-07-21T19:02:42.804Z,fa257783-f061-4187-9eac-110ffe1f7c13
8832474c-108c-41cc-b874-9b6e636a467a,NJ,Northeast,1999 Central States HME Pumper,1999,25000,pumper-engine,HME,Central States,custom,diesel,,16451,2951,,1500,1000,2026-06-10T15:13:14.265Z,fa257783-f061-4187-9eac-110ffe1f7c13
0734fbd8-1c65-4987-8410-f05310693e65,NJ,Northeast,1997 HME Pumper,1997,12000,pumper-engine,HME,HME,custom,diesel,,50000,,,1500,750,2026-07-27T20:23:47.655Z,fa257783-f061-4187-9eac-110ffe1f7c13
26a453ff-cdbc-4c4b-b3a7-5d3a588e9ea7,NJ,Northeast,2015 Mack Dump Truck,2015,68000,dump-truck,Mack,,2-door-commercial,diesel,,547350,,,,,2026-06-24T03:00:22.273Z,3e918b89-8111-4445-ab7e-2c9b49127342
e4c1005a-c4e0-46b5-ba25-24df266a5373,NJ,Northeast,1993 Simon-Duplex 75' Aerial,1993,50000,aerial-ladder,Simon-Duplex,Simon-Duplex,custom,diesel,,15884,,,1500,0,2026-08-11T01:17:27.518Z,32a48e35-feaf-449b-86e1-7631bc0b3968
7985d0dc-c322-4ec6-ade5-ea071345d445,NJ,Northeast,1988 Mack Roll Off ,1988,30000,,Mack,,2-door-commercial,,,156000,,,,,2026-07-20T21:43:09.618Z,bab99702-5935-4654-a9bb-fcc8d593c293
7604a9bc-23e6-4c8b-8fed-460e4bc1457f,NJ,Northeast,2015 Mack Dump Truck,2015,67500,dump-truck,Mack,,2-door-commercial,diesel,,682253,,,,,2026-06-24T03:00:19.419Z,3e918b89-8111-4445-ab7e-2c9b49127342
52cd431d-0aec-4fd3-8fbb-22411cc5696d,NJ,Northeast,2016 Horton International Type I Ambulance,2016,30000,type-1,International,Horton,2-door-commercial,diesel,,92000,5127,,,,2026-08-11T01:17:38.301Z,a81d9a9c-4e1f-4d12-8a69-c1f20a885b44
7cf4a9c5-6fda-4b15-ab38-6b233fb1f3c4,NJ,Northeast,2009 Mack Heil Front Loader,2009,55000,front_loader,Mack,Heil,2-door-commercial,diesel,,124000,11200,,,,2026-06-28T02:37:43.647Z,a05a1ae8-85b2-4ae3-ae67-10f5ce608164
b10f63ee-7ffe-45ae-9e1f-67c707f85fdb,NJ,Northeast,2003 MedTec Ford Type III Ambulance,2003,19000,type-3,Ford,MedTec,2-door-commercial,diesel,,108138,,,,,2026-07-16T17:49:33.137Z,a81d9a9c-4e1f-4d12-8a69-c1f20a885b44
8c282732-5ef5-4f37-b2cc-31563b2986e6,NJ,Northeast,1986 Autocar DK Dump Truck,1986,22000,dump-truck,Autocar,,2-door-commercial,diesel,,501000,,,,,2026-07-20T14:12:37.636Z,3e918b89-8111-4445-ab7e-2c9b49127342
893159af-e7ea-4674-b89e-666f124838e3,NJ,Northeast,2015 Horton International Type I Ambulance,2015,30000,type-1,International,Horton,2-door-commercial,diesel,,100000,,,,,2026-08-11T17:59:21.909Z,a81d9a9c-4e1f-4d12-8a69-c1f20a885b44
855a8e40-a584-4271-ac51-f23fe7ab3c94,NJ,Northeast,1966 Dodge Brush Truck,1966,20000,brush-truck,Dodge,Other,2-door-commercial,,,0,0,0,0,0,2026-07-12T21:30:33.805Z,6fe8c974-200e-4e53-b687-4988ae13f4ee
b8bf1a8e-73d1-4516-a26d-b5c0fa54aa67,NM,West,2009 International Wildland Unit,2009,130000,wildland-unit,Other,International,4-door-commercial,diesel,,18642,,,,,2026-07-16T20:02:47.465Z,f3b8e9a7-fcba-45c1-8eb0-c1f645a9a557
bfa00359-af08-4f5b-ae13-6c8ef2aa83cb,NM,West,2003 International Vactor Hydrovac,2003,40000,hydrovac,International,Vactor,2-door-commercial,,,62000,,200,100,700,2026-08-05T20:34:31.741Z,399f25f9-1380-427d-a067-7e931d2d4dde
6e8878c7-77f5-40d2-8003-c86db5e5c3c6,NM,West,2010 CCC Kann Front Loader,2010,25000,front_loader,CCC,Kann,2-door-commercial,diesel,,100000,,,,,2026-07-15T18:24:16.979Z,a05a1ae8-85b2-4ae3-ae67-10f5ce608164
3d27f018-31c6-430b-8ba6-2c860041e831,NM,West,2013 Peterbilt Heil Automated Side Loader,2013,70000,automated_side,Peterbilt,Heil,2-door-commercial,cng,,100000,,,,,2026-07-15T21:18:51.813Z,a05a1ae8-85b2-4ae3-ae67-10f5ce608164
3fc052e9-09c1-4cf2-9e3c-80315d38d013,NM,West,2010 Autocar Automated Side Loader,2010,50000,automated_side,Autocar,Other,2-door-commercial,diesel,,100000,,,,,2026-06-18T03:00:10.127Z,a05a1ae8-85b2-4ae3-ae67-10f5ce608164
3aab984c-1988-4f50-ac52-8a1d6e283edf,NM,West,2011 Peterbilt Heil Automated Side Loader,2011,45000,automated_side,Peterbilt,Heil,2-door-commercial,cng,,97000,,,,,2026-07-01T15:46:17.901Z,a05a1ae8-85b2-4ae3-ae67-10f5ce608164
1876ae1e-c13a-4aef-961f-ded2edf9637d,NM,West,2009 Century Hydrovac / Hydro Excavator,2009,16500,hydrovac,Freightliner,,4-door-commercial,diesel,,1000000,,,6500,100,2026-06-11T03:02:47.804Z,399f25f9-1380-427d-a067-7e931d2d4dde
1484e0f2-c0da-44b5-98f3-d45544daa2b4,NY,Northeast,2025 AEV Ford Type III Ambulance,2025,160000,type-3,Ford,AEV,2-door-commercial,,,10,0,,,,2026-07-15T21:18:49.985Z,a81d9a9c-4e1f-4d12-8a69-c1f20a885b44
b34561a4-d927-4253-bb0e-bef0313e0459,NY,Northeast,2017 Spartan Metro Star Pumper,2017,350000,pumper-engine,Spartan,Spartan,custom,diesel,,40689,4908,,1500,650,2026-08-04T14:53:34.915Z,fa257783-f061-4187-9eac-110ffe1f7c13
691555c5-4b25-45f4-b34f-e3fbab52f07c,NY,Northeast,2007 Rosenbauer Freightliner Pumper,2007,175000,pumper-engine,Freightliner,Rosenbauer,4-door-commercial,diesel,,14223,1314,100,1250,1000,2026-07-16T17:13:28.026Z,fa257783-f061-4187-9eac-110ffe1f7c13
1e0691bd-2a76-408c-ba61-877d91add55f,NY,Northeast,2008 Pierce Arrow XT 100' Quint,2008,199500,quint,Pierce,Pierce,custom,diesel,,92144,9455,,2000,300,2026-08-12T13:04:57.417Z,32a48e35-feaf-449b-86e1-7631bc0b3968
3d02121b-a1df-4462-8ff8-44e7663af522,NY,Northeast,2009 KME Predator 4x4 Heavy Rescue,2009,125000,heavy-rescue,KME,KME,custom,diesel,,16859,,,1500,200,2026-07-16T17:13:16.574Z,86aa5c3b-3965-4a9a-b2f8-fbcb5d0ca70a
09b41d00-7019-45a2-a678-1f4e6c06b8ba,NY,Northeast,2007 Marion Spartan Rescue Pumper,2007,80000,rescue-pumper,Spartan,Marion,custom,diesel,,67053,6146,,1500,500,2026-07-16T17:13:16.891Z,86aa5c3b-3965-4a9a-b2f8-fbcb5d0ca70a
80151a2f-5216-4ba0-b87e-0b81b09f6428,NY,Northeast,2026 Palfinger Hino Hooklift,2026,175000,hooklift,Hino,Palfinger,2-door-commercial,,,1200,,,,,2026-08-05T17:10:56.120Z,bab99702-5935-4654-a9bb-fcc8d593c293
3d3eefaa-e82c-4b0a-814c-fb8815d7dffc,NY,Northeast,2023 Kenworth Leach Rear Loader,2023,270000,rear_loader,Kenworth,Leach,2-door-commercial,diesel,,94798,,,,,2026-07-16T17:58:48.227Z,a05a1ae8-85b2-4ae3-ae67-10f5ce608164
06cd0112-8ed9-4661-9456-b8de493ded4c,NY,Northeast,2023 International Pak-Mor Rear Loader,2023,145000,rear_loader,International,Pak-Mor,2-door-commercial,diesel,,84114,9446,,,,2026-07-16T17:58:53.219Z,a05a1ae8-85b2-4ae3-ae67-10f5ce608164
a870d481-8a92-4d82-a45d-31fdae93e9aa,NY,Northeast,2024 Chevrolet Tahoe 4x4 Command Unit,2024,89000,command-unit,Chevrolet,Chevrolet,4-door-commercial,gasoline,,500,,,,,2026-08-11T20:36:59.422Z,804902f4-571d-45ba-a152-ba389e77cdf8
f3a952f0-e4ba-4866-aa68-c5dcc79ee1fc,NY,Northeast,2015 Ford 4x4 Mini Pumper,2015,200000,mini-pumper,Ford,Ford,4-door-commercial,,,13701,845,,1250,300,2026-08-13T19:04:28.566Z,6fe8c974-200e-4e53-b687-4988ae13f4ee
efac166b-8c94-4219-ae61-eb6dc2c58461,NY,Northeast,2023 Kenworth T800 Dump Truck,2023,194000,dump-truck,Kenworth,,2-door-commercial,diesel,,270000,,,,,2026-07-16T17:58:53.555Z,3e918b89-8111-4445-ab7e-2c9b49127342
317fcf12-5145-40ac-be58-7a242d77f693,NY,Northeast,2008 Seagrave Low Profile 100' Aerial,2008,199000,aerial-ladder,Seagrave,Seagrave,custom,diesel,,10987,,,,,2026-08-14T13:59:35.347Z,32a48e35-feaf-449b-86e1-7631bc0b3968
4a9e119a-1602-4a38-885a-b443d6c2b4ba,NY,Northeast,2016 Western Star Vactor Hydrovac,2016,122500,hydrovac,Western Star,Vactor,2-door-commercial,,,410000,,,20,1200,2026-08-13T14:02:16.975Z,399f25f9-1380-427d-a067-7e931d2d4dde
f691735b-5c8c-4fbd-af03-6e7ac43bac76,NY,Northeast,Fire/Rescue boat,,80000,,,,custom,gasoline,,,7,,,,2026-07-12T13:27:20.588Z,5c24e3d9-20f4-458c-bf24-7d25c8c46352
b60e55b4-a06d-4ff0-95bb-1d479100ad5f,NY,Northeast,2007 Hackney Spartan Heavy Rescue,2007,50000,heavy-rescue,Spartan,Hackney,custom,diesel,,11000,,,,,2026-08-10T14:54:18.822Z,86aa5c3b-3965-4a9a-b2f8-fbcb5d0ca70a
6a782542-991a-46e5-a67d-f2d18a23ebe1,NY,Northeast,2008 Pierce Velocity 100' Aerial,2008,125000,aerial-ladder,Pierce,Pierce,custom,diesel,,30616,,,0,0,2026-08-06T14:17:34.873Z,32a48e35-feaf-449b-86e1-7631bc0b3968
554e870c-11b6-4e53-81ad-ee7972c574ce,NY,Northeast,2010 Crimson Spartan Rescue Pumper,2010,450000,pumper-engine,Spartan,Crimson,custom,diesel,,10262,,,2000,1000,2026-07-16T17:49:58.865Z,fa257783-f061-4187-9eac-110ffe1f7c13
bd54276a-15cd-4d87-a633-af452291b91c,NY,Northeast,2012 Western Star Vactor Hydrovac,2012,110000,hydrovac,Western Star,Vactor,2-door-commercial,,,160000,,,20,1200,2026-08-13T14:01:59.970Z,399f25f9-1380-427d-a067-7e931d2d4dde
486b5597-bb8f-4445-9706-b1d06003272a,NY,Northeast,Chevy 5500 switch and go,,61000,,Chevrolet,,2-door-commercial,diesel,,78000,,,,,2026-08-10T14:53:58.371Z,bab99702-5935-4654-a9bb-fcc8d593c293
4206ab49-5dfa-414c-9b09-925cf4426276,NY,Northeast,2017 Road Rescue Ford 4x4 Type I Ambulance,2017,65000,type-1,Ford,Road Rescue,2-door-commercial,diesel,,101250,7002,,,,2026-08-03T15:45:52.883Z,a81d9a9c-4e1f-4d12-8a69-c1f20a885b44
5e90b9b5-b3a9-49f8-a174-eecd95d2b96d,NY,Northeast,2005 Pierce International Pumper,2005,100000,pumper-engine,International,Pierce,4-door-commercial,diesel,,15034,727,,1250,1000,2026-07-17T15:37:40.096Z,fa257783-f061-4187-9eac-110ffe1f7c13
6b930255-2938-4089-af48-fd49b293695f,NY,Northeast,2009 Rescue 1 Spartan Heavy Rescue,2009,360000,heavy-rescue,Spartan,Rescue 1,custom,diesel,,16080,,,250,,2026-07-16T17:13:14.099Z,86aa5c3b-3965-4a9a-b2f8-fbcb5d0ca70a
24244aa2-3cdf-4952-aaa1-b15e11095496,NY,Northeast,2015 International Masport Septic,2015,59000,septic,International,masport,2-door-commercial,,,69000,,,3000,2500,2026-08-11T19:20:34.042Z,399f25f9-1380-427d-a067-7e931d2d4dde
8b8222a0-c4cc-43e7-a6ac-40e35c4347ef,NY,Northeast,2008 Custom Fire Spartan 4x4 Rescue Pumper,2008,150000,rescue-pumper,Spartan,Custom Fire,custom,diesel,,37292,,,1250,750,2026-07-16T17:13:15.084Z,86aa5c3b-3965-4a9a-b2f8-fbcb5d0ca70a
9c8ef4dd-6293-4c2c-9a87-31cb5d7075e3,NY,Northeast,2007 Ford F750 Boom Truck,2007,90000,,Ford,,2-door-commercial,diesel,,30000,,,,,2026-08-12T21:14:38.593Z,92784232-ddd6-4355-aa20-a4cd50bb8074
ee4216cf-11dc-4c49-b5fe-5af8b166c744,NY,Northeast,2013 Hackney Kenworth Heavy Rescue,2013,100000,heavy-rescue,Kenworth,Hackney,2-door-commercial,diesel,,4825,821,,,,2026-07-30T14:34:41.914Z,86aa5c3b-3965-4a9a-b2f8-fbcb5d0ca70a
a721bf32-ad3a-45da-ad22-6576ee9ec847,NY,Northeast,2020 Kenworth T880 Dump Truck,2020,179000,dump-truck,Kenworth,,2-door-commercial,diesel,,144100,,,,,2026-07-16T17:58:46.701Z,3e918b89-8111-4445-ab7e-2c9b49127342
11ac40dc-8a11-4d76-8651-13729c5a21b9,NY,Northeast,2019 Ford F350 4x4 Light Rescue,2019,95000,light-rescue,Ford,Ford,4-door-commercial,diesel,,64599,10841,,,,2026-08-03T15:15:45.546Z,86aa5c3b-3965-4a9a-b2f8-fbcb5d0ca70a
3e969e39-2df1-450d-824c-a198c5ed3ede,NY,Northeast,2001 E-One HP-100 100' Quint,2001,99000,quint,E-One,E-One,custom,diesel,,49455,6215,,2000,500,2026-07-17T17:47:50.917Z,32a48e35-feaf-449b-86e1-7631bc0b3968
c682ef37-e8c9-49b1-b824-93153cf75b9f,NY,Northeast,2009 E-One Typhoon Pumper,2009,60000,pumper-engine,E-One,E-One,custom,diesel,,56137,6181,,1500,1000,2026-08-10T14:54:02.493Z,fa257783-f061-4187-9eac-110ffe1f7c13
31438a57-4479-4333-954b-bffa02da07ba,NY,Northeast,2015 Wheeled Coach Ford Type I Ambulance,2015,69999,type-1,Ford,Wheeled Coach,2-door-commercial,,,5088,,,,,2026-07-19T20:58:26.997Z,a81d9a9c-4e1f-4d12-8a69-c1f20a885b44
9af86efe-4336-47c9-8ea8-258ddc406d27,NC,South,2015 4 Guys Freightliner 4x4 Pumper,2015,495000,pumper-engine,Freightliner,4 Guys,2-door-commercial,diesel,,7126,974,,1500,1000,2026-07-16T17:13:24.482Z,fa257783-f061-4187-9eac-110ffe1f7c13
bd74b9f7-6251-4454-92df-1aac82e60751,NC,South,2024 Kenworth Galbreath Roll Off,2024,185000,,Kenworth,Galbreath,2-door-commercial,diesel,,99921,,,,,2026-08-03T20:12:34.336Z,bab99702-5935-4654-a9bb-fcc8d593c293
80789a65-1e14-49b5-89f2-cdf0ff698bcc,NC,South,2021 Peterbilt Hydrovac,2021,500000,hydrovac,Peterbilt,,2-door-commercial,diesel,,5174,,,,1000,2026-07-24T15:26:11.206Z,399f25f9-1380-427d-a067-7e931d2d4dde
6517b23b-700a-455d-a0a3-e2fb13203e6b,NC,South,2021 Chevrolet Silverado 5500 4x4 Brush Truck,2021,150000,,,,2-door-commercial,diesel,,5868,,,,300,2026-08-11T01:18:14.490Z,6fe8c974-200e-4e53-b687-4988ae13f4ee
81e44613-8005-4925-8e3d-a6069dd8512d,NC,South,2021 Isuzu Pac-Mac Rear Loader,2021,105000,rear_loader,Isuzu,Pac-Mac,2-door-commercial,diesel,,57362,,,,,2026-08-04T17:48:32.765Z,a05a1ae8-85b2-4ae3-ae67-10f5ce608164
dd0d674a-77c3-4491-a0cd-fa49d8163f06,NC,South,2006 Pierce 61' Telesquirt 61' Aerial,2006,125000,aerial-ladder,Pierce,Pierce,custom,diesel,,88552,6132,1200,1500,500,2026-07-30T13:43:23.734Z,32a48e35-feaf-449b-86e1-7631bc0b3968
cfce6dcf-49ac-440b-adf8-167419b427b2,NC,South,2007 Pierce Dash Pumper,2007,215000,pumper-engine,Pierce,Pierce,custom,diesel,,84141,8900,,1250,750,2026-07-16T17:13:26.457Z,fa257783-f061-4187-9eac-110ffe1f7c13
26693b8b-2c6e-4c2c-844a-ef45b0b5dce7,NC,South,2007 International Rosenbauer Pumper Tanker,2007,80000,pumper-tanker,Rosenbauer,International,4-door-commercial,diesel,,12345,,,1250,1250,2026-07-22T22:19:32.008Z,fa257783-f061-4187-9eac-110ffe1f7c13
b94dceb5-a2f3-4189-99fb-aaff66ee3ff9,NC,South,2009 E-One Typhoon Pumper,2009,95000,pumper-engine,E-One,E-One,4-door-commercial,diesel,,88664,5515.9,273,1250,1000,2026-07-30T15:08:06.439Z,fa257783-f061-4187-9eac-110ffe1f7c13
6fd033b7-479b-4742-a709-34b37d476bbb,NC,South,2017 Ford Pac-Mac Rear Loader,2017,105000,rear_loader,Ford,Pac-Mac,2-door-commercial,diesel,,57387,,,,,2026-08-10T14:54:24.760Z,a05a1ae8-85b2-4ae3-ae67-10f5ce608164
4b547199-dc71-4c1f-8034-e439476ef49e,NC,South,2019 Ford Econoline CUTAWAY Type III Ambulance,2019,80000,type-3,Ford,Ford,2-door-commercial,,,129444,,,,,2026-08-06T13:57:15.624Z,a81d9a9c-4e1f-4d12-8a69-c1f20a885b44
2c6f352b-3bd9-4f3c-9b36-8dce28543c85,NC,South,2019 Kenworth T680 Dump Truck,2019,79000,dump-truck,Kenworth,,2-door-commercial,,,520000,,,,,2026-08-03T22:34:52.247Z,3e918b89-8111-4445-ab7e-2c9b49127342
310d9966-c568-48ca-a9a3-141eb6046d75,NC,South,2009 Pierce Contender Pumper,2009,80000,pumper-engine,Pierce,Pierce,custom,,,120007,,,1250,1000,2026-08-13T13:54:46.196Z,fa257783-f061-4187-9eac-110ffe1f7c13
5e1e9f6e-4a2c-4b09-a980-12d12c6a3fc3,NC,South,2019 Wheeled Coach Ford Type III Ambulance,2019,54500,type-3,Ford,Wheeled Coach,2-door-commercial,gasoline,,71217,,,,,2026-06-16T20:05:32.994Z,a81d9a9c-4e1f-4d12-8a69-c1f20a885b44
97a69b4b-9091-4be4-a21c-1b2f3aaf130e,NC,South,1996 3D Freightliner Pumper Tanker,1996,55000,pumper-tanker,Freightliner,3D,4-door-commercial,diesel,,33105,,,1500,1250,2026-07-28T18:41:50.552Z,fb52f135-446f-4724-b502-a8d9c4f58493
9a677ed5-3e3a-4c46-b52c-f6d6d1e53fd3,NC,South,2004 Ford F-550 4x4 Brush Truck,2004,50000,brush-truck,Ford,Ford,4-door-commercial,,,60992,,,180,,2026-08-11T01:12:44.168Z,6fe8c974-200e-4e53-b687-4988ae13f4ee
b92e6fdc-501c-4394-9f1f-5b4fc40b13b9,NC,South,1990 GMC Rescue Pumper,1990,15000,rescue-pumper,GMC,GMC,2-door-commercial,diesel,,24351,,,,,2026-08-11T01:18:14.490Z,86aa5c3b-3965-4a9a-b2f8-fbcb5d0ca70a
6664dac2-f24d-48a3-afe8-f60e33a43cf9,NC,South,2002 Pierce Dash Pumper,2002,25000,pumper-engine,Pierce,Pierce,custom,diesel,,59000,5000,,1500,500,2026-06-21T03:00:01.706Z,fa257783-f061-4187-9eac-110ffe1f7c13
5f2ab2fb-4264-4fc5-af1a-fd609854e855,NC,South,2005 Ford F350 4x4 Brush Truck,2005,33000,brush-truck,Ford,Ford,2-door-commercial,diesel,,39056,,,200,200,2026-08-07T17:36:26.504Z,6fe8c974-200e-4e53-b687-4988ae13f4ee
97c07dbf-66e1-4454-a5a2-be4eafcb7b92,NC,South,1999 Saulsbury Heavy Rescue,1999,65000,heavy-rescue,Saulsbury,Saulsbury,2-door-commercial,,,25637,,,,,2026-07-28T17:05:04.072Z,86aa5c3b-3965-4a9a-b2f8-fbcb5d0ca70a
39db99df-d824-4d0d-bc37-af7db00242b5,NC,South,2012 Ford F-550 Service Truck,2012,55000,,Ford,,2-door-commercial,diesel,,235000,,,,,2026-07-09T21:27:13.083Z,92784232-ddd6-4355-aa20-a4cd50bb8074
754a3d6b-ae91-472f-9bc1-9cb62ebd68e2,NC,South,2003 Sterling LT9500 Dump Truck,2003,17497,dump-truck,Sterling,,2-door-commercial,,,68483,,,,,2026-07-27T13:10:14.862Z,3e918b89-8111-4445-ab7e-2c9b49127342
3d9f0fa7-b5e0-435a-9869-c5e99d1f7f12,NC,South,1989 Central States Ford Rescue Pumper,1989,11000,rescue-pumper,Ford,Central States,2-door-commercial,diesel,,24548,2256,348,400,400,2026-08-11T02:23:05.329Z,86aa5c3b-3965-4a9a-b2f8-fbcb5d0ca70a
4b6e96af-c438-47a0-ac2b-736329e3f4f8,NC,South,1993 Freightliner Tanker,1993,75000,tanker-tender,Freightliner,Other,2-door-commercial,diesel,,5154,,,520,3200,2026-07-16T19:53:22.046Z,fb52f135-446f-4724-b502-a8d9c4f58493
e0e492c5-647b-4aef-99a4-6b0810c1860e,NC,South,1998 Pierce International Pumper,1998,15000,pumper-engine,International,Pierce,4-door-commercial,diesel,,41199,2529,,1000,1000,2026-06-19T03:00:31.328Z,fa257783-f061-4187-9eac-110ffe1f7c13
bb24947e-4e5e-4be3-b604-c22a31f646bc,NC,South,2004 4 Guys Ford Mini Pumper,2004,75000,mini-pumper,Ford,4 Guys,2-door-commercial,diesel,,20500,,,500,300,2026-08-10T14:54:16.670Z,6fe8c974-200e-4e53-b687-4988ae13f4ee
fbc24628-03cd-47bf-ab2a-4c55087ea8b0,NC,South,2002 Pierce Dash 100' Aerial,2002,30000,aerial-ladder,Pierce,Pierce,custom,,,121167,,,,,2026-08-13T13:55:38.498Z,32a48e35-feaf-449b-86e1-7631bc0b3968
e4951d7a-2794-48d8-a715-d500a7d63f1c,NC,South,2006 Kenworth W900 Dump Truck,2006,68000,dump-truck,Kenworth,,2-door-commercial,diesel,,453315,,,,,2026-07-20T18:45:31.818Z,3e918b89-8111-4445-ab7e-2c9b49127342
4c744ab3-076b-454d-99d1-8d5443a11c96,NC,South,2004 Ford 750 Squad,2004,60000,squad,Ford,Ford,2-door-commercial,diesel,,26068,,,,,2026-06-29T18:45:34.844Z,86aa5c3b-3965-4a9a-b2f8-fbcb5d0ca70a
0ee3637d-c680-4981-98a0-c46ead32b086,NC,South,2005 Mack CV713 Dump Truck,2005,50000,dump-truck,Mack,,2-door-commercial,,,489000,,,,,2026-07-14T03:00:16.674Z,3e918b89-8111-4445-ab7e-2c9b49127342
08a77788-eb29-44b0-91fe-3be381285b5b,OH,Midwest,2019 Case TV370 Compact Track Loader,2019,30000,,,,custom,,,3351,3351,,,,2026-07-28T19:38:59.284Z,55cb358d-1515-4019-b4f7-1b49d96099cd
1c1e6f4f-88ef-4fd7-b5df-4aef5d7ee423,OH,Midwest,2017 Rosenbauer Kenworth Pumper Tanker,2017,475000,pumper-tanker,Kenworth,Rosenbauer,2-door-commercial,diesel,,5970,843,91,1500,2000,2026-08-03T14:28:39.427Z,fb52f135-446f-4724-b502-a8d9c4f58493
5a86aba1-2749-4e9e-b288-1501db2a4aca,OH,Midwest,2014 Firovac Freightliner Tanker,2014,225000,tanker-tender,Freightliner,Firovac,2-door-commercial,,,5623,,,0,2000,2026-08-10T21:25:26.141Z,fb52f135-446f-4724-b502-a8d9c4f58493
7b767d4d-8b13-415e-af95-bf6fc6aaefc4,OH,Midwest,2009 International Vactor Hydrovac,2009,90000,hydrovac,International,Vactor,2-door-commercial,diesel,,38000,,1000,80,1000,2026-08-12T22:06:15.624Z,399f25f9-1380-427d-a067-7e931d2d4dde
ad7c7dc1-5f11-4de3-b3b3-cde6f423fd2e,OH,Midwest,2003 E-One Ford 4x4 Pumper,2003,75000,pumper-engine,Ford,E-One,4-door-commercial,diesel,,14719,1265,59,200,200,2026-07-31T12:38:06.049Z,fa257783-f061-4187-9eac-110ffe1f7c13
18d561a0-62dc-4a1e-bef3-6ce768a70b70,OH,Midwest,2002 Dodge 2500 4x4 Brush Truck,2002,77000,brush-truck,Dodge,Dodge,4-door-commercial,gasoline,,26818,,,200,200,2026-08-04T15:02:56.635Z,6fe8c974-200e-4e53-b687-4988ae13f4ee
46e47bb0-cfc2-4668-9ffe-87780f535873,OH,Midwest,2004 HME 1871-SFO Pumper,2004,70000,pumper-engine,HME,HME,custom,diesel,,13017,1428,,1250,800,2026-08-10T14:54:32.942Z,fa257783-f061-4187-9eac-110ffe1f7c13
0962e906-f5be-4098-9de4-a86da814d59f,OH,Midwest,2008 Fouts Brothers Ford 4x4 Light Rescue,2008,50000,light-rescue,Ford,Fouts Brothers,4-door-commercial,gasoline,,31500,,,,,2026-08-10T14:54:34.687Z,86aa5c3b-3965-4a9a-b2f8-fbcb5d0ca70a
74ff30c7-d2a1-43b4-942b-7625f6c8e3e6,OH,Midwest,1996 S&S Mack Pumper Tanker,1996,69500,pumper-tanker,Mack,S&S (Stewart & Stevenson),custom,diesel,,19532,1784,,1000,2000,2026-08-06T17:36:52.120Z,fb52f135-446f-4724-b502-a8d9c4f58493
a67e9645-ed1d-44b1-9dd5-629a4d80fdb5,OH,Midwest,2005 International 4400 Heavy Rescue,2005,55000,heavy-rescue,International,International,2-door-commercial,diesel,,14149,,,0,0,2026-08-10T14:54:07.850Z,86aa5c3b-3965-4a9a-b2f8-fbcb5d0ca70a
4b1a10b0-cd35-4f89-8cf9-51948f65698c,OH,Midwest,1992 Sutphen International Pumper,1992,20000,pumper-engine,International,Sutphen,custom,diesel,,11618,1705,286,1250,800,2026-08-06T16:05:06.192Z,fa257783-f061-4187-9eac-110ffe1f7c13
832f2538-c7ca-4b50-b633-514dd75acf39,OH,Midwest,1993 E-One Hush Pumper,1993,15000,pumper-engine,E-One,E-One,custom,diesel,,26463,950,,1500,750,2026-06-26T20:47:30.219Z,fa257783-f061-4187-9eac-110ffe1f7c13
cb528acd-b78a-4b8e-862d-e4691b6cc9ab,OH,Midwest,2003 American LaFrance Pumper,2003,30000,pumper-engine,American LaFrance,American LaFrance,custom,diesel,,77796,7506,,1500,750,2026-07-20T15:05:44.773Z,fa257783-f061-4187-9eac-110ffe1f7c13
18739de5-54ac-4a28-8813-8e5967dc078d,OH,Midwest,1968 Mack Dump Truck,1968,20000,dump-truck,Mack,,2-door-commercial,,,200000,,,,,2026-07-09T03:00:20.525Z,3e918b89-8111-4445-ab7e-2c9b49127342
5c0083ac-70c1-4e7c-b1b4-eeb423c2fafd,OH,Midwest,1993 Pierce Rear Door Dash Custom Pumper,1993,27500,pumper-engine,Pierce,Pierce,custom,diesel,,39787,3870,,1500,750,2026-08-04T15:03:09.120Z,fa257783-f061-4187-9eac-110ffe1f7c13
f6d9098b-cf13-4d91-b19c-52dfd14265bd,OH,Midwest,2013 Horton International Type I Ambulance,2013,75000,type-1,International,Horton,2-door-commercial,diesel,,46522,,,,,2026-07-03T03:00:10.047Z,a81d9a9c-4e1f-4d12-8a69-c1f20a885b44
0c38cfa4-e90e-4c21-b356-9a72396227da,OH,Midwest,2014 Crestline Chevrolet Type III Ambulance,2014,23900,type-3,Chevrolet,Crestline,2-door-commercial,diesel,,191253,74441,,,,2026-08-04T15:04:26.974Z,a81d9a9c-4e1f-4d12-8a69-c1f20a885b44
58d126dc-cd28-43d5-b4cc-5c1a9ebfe490,OH,Midwest,1996 Pierce Freightliner Pumper,1996,20000,pumper-engine,Freightliner,Pierce,4-door-commercial,diesel,,22329,,,1250,1000,2026-07-21T13:17:20.225Z,fa257783-f061-4187-9eac-110ffe1f7c13
c9705ad8-c0c0-44a1-8b6b-205bfb966a87,OH,Midwest,1992 Pierce Dash Pumper,1992,20000,pumper-engine,Pierce,Pierce,custom,diesel,,50235,5119,,1500,750,2026-07-07T15:41:04.392Z,fa257783-f061-4187-9eac-110ffe1f7c13
236c0990-41ed-4191-a1de-b5fc11146f02,OH,Midwest,2012 International 7500 Dump Truck,2012,27500,dump-truck,International,,2-door-commercial,,,252574,,,,,2026-08-11T01:12:44.520Z,3e918b89-8111-4445-ab7e-2c9b49127342
797dd4a6-71d5-4c49-ae63-38cf4302c131,OH,Midwest,2000 International 4900 Pumper,2000,45000,pumper-engine,International,International,4-door-commercial,,,28038,,,1250,1000,2026-07-27T15:08:14.870Z,fa257783-f061-4187-9eac-110ffe1f7c13
7131f025-2f27-4644-9872-6b25e5de617b,OH,Midwest,2000 Pierce Heavy Rescue,2000,45000,heavy-rescue,Pierce,Pierce,4-door-commercial,,,32000,,,0,,2026-08-14T13:44:43.195Z,86aa5c3b-3965-4a9a-b2f8-fbcb5d0ca70a
1e4afe11-50ea-45d3-ab0d-3b587deff340,OH,Midwest,1996 Sutphen Pumper,1996,45000,pumper-engine,Sutphen,Sutphen,custom,diesel,,28985,2522,,1500,1000,2026-07-11T03:00:20.241Z,fa257783-f061-4187-9eac-110ffe1f7c13
312ac694-3651-4277-a43c-ad08f4d220b4,OH,Midwest,1994 International 4900 Heavy Rescue,1994,35000,heavy-rescue,International,International,2-door-commercial,diesel,,18825,3251,504,300,300,2026-08-04T17:46:28.287Z,86aa5c3b-3965-4a9a-b2f8-fbcb5d0ca70a
cbcc6d1d-7f00-4af6-806e-5f2d32f68f39,OH,Midwest,1991 E-One 75' Stratosphere 75' Aerial,1991,47000,aerial-ladder,E-One,E-One,2-door-commercial,,,33152,,,1250,500,2026-07-29T22:43:52.905Z,32a48e35-feaf-449b-86e1-7631bc0b3968
d9372437-73a2-4749-bbbb-d667f9132d1e,OH,Midwest,1980 Pumper,1980,3500,,,,custom,diesel,,,,,,,2026-08-11T01:17:55.682Z,fa257783-f061-4187-9eac-110ffe1f7c13
0b9d5fc2-62d7-4ace-b906-4593c39229c2,OH,Midwest,Hand Power Vario Extrication Rescue/Forcible Entry tool,,1900,,,,,,,,,,,,2026-06-09T16:02:39.415Z,b28116b1-22b6-46b3-81c4-d0066cd02437
da4b2683-8f42-4b63-a25f-5f3a52c9e920,OK,South,2022 Western Star Keith Huber Combination,2022,429000,combination,Western Star,Keith Huber,2-door-commercial,diesel,,18200,,,20,3500,2026-08-11T17:02:24.772Z,399f25f9-1380-427d-a067-7e931d2d4dde
9c26635a-fcc8-4fe6-8759-5e7771fbf533,OK,South,2025 Ford E-450 Type III Ambulance,2025,165000,type-3,Ford,Ford,2-door-commercial,gasoline,,116,,,,,2026-07-15T21:18:56.126Z,a81d9a9c-4e1f-4d12-8a69-c1f20a885b44
88181747-1c84-4824-9a74-03eb300f220c,OK,South,2024 Frazer GMC 4x4 Type I Ambulance,2024,170000,type-1,GMC,Frazer,2-door-commercial,diesel,,159,,,,,2026-07-15T21:18:55.285Z,a81d9a9c-4e1f-4d12-8a69-c1f20a885b44
4f50e458-5594-4c6b-bf16-fa7159139287,OK,South,2024 Frazer GMC 4x4 Type I Ambulance,2024,170000,type-1,GMC,Frazer,2-door-commercial,diesel,,204,,,,,2026-07-15T21:18:52.705Z,a81d9a9c-4e1f-4d12-8a69-c1f20a885b44
25f36c9c-7d7a-4e97-9025-0338fc6045cb,OK,South,2024 Ford F-450 4x4 Welding Work Truck,2024,105510,,,,2-door-commercial,,,17,,,,,2026-07-06T14:48:43.774Z,92784232-ddd6-4355-aa20-a4cd50bb8074
1cf8b400-cdb9-43e0-b490-2a5a96d18683,OK,South,2008 Ford F-750 4x4 Brush Truck,2008,120000,brush-truck,Ford,Ford,2-door-commercial,diesel,,12377,,,250,1000,2026-07-16T17:13:15.938Z,6fe8c974-200e-4e53-b687-4988ae13f4ee
1e162cda-a328-4fae-a7d3-2470d64df486,OK,South,2005 Freightliner Light Rescue,2005,65000,light-rescue,Freightliner,Other,2-door-commercial,diesel,,47858,,,400,300,2026-08-14T19:34:47.062Z,86aa5c3b-3965-4a9a-b2f8-fbcb5d0ca70a
689a31c3-f3a4-4cee-b502-1975963ea830,OK,South,2006 Ford F-350 4x4 Brush Truck,2006,61999,brush-truck,Ford,Ford,4-door-commercial,diesel,,10333,,,150,300,2026-08-14T16:11:31.643Z,6fe8c974-200e-4e53-b687-4988ae13f4ee
5fea5aeb-ba4b-4f25-b40c-a970b7dc0092,OK,South,2015 Autocar McNeilus Side Loader,2015,55000,side_loader,Autocar,McNeilus,2-door-commercial,cng,,71414,9666,,,,2026-08-06T21:27:15.579Z,a05a1ae8-85b2-4ae3-ae67-10f5ce608164
8574a839-5b71-4c52-a5ef-0d8cf88314cd,OK,South,2000 Jet vac 500 Hydrovac,2000,15000,hydrovac,Other,,custom,diesel,,0,200,0,5,500,2026-07-30T15:08:38.190Z,399f25f9-1380-427d-a067-7e931d2d4dde
802fc665-0aa6-4aaa-a1c6-a8229bd6c65a,OK,South,2012 Horton International Type I Ambulance,2012,22000,type-1,International,Horton,2-door-commercial,diesel,,117670,7039,,,,2026-08-11T01:16:51.320Z,a81d9a9c-4e1f-4d12-8a69-c1f20a885b44
daa659c2-e44f-4ae2-9746-1a837a7fcdf1,OK,South,1997 Ford L8000 Pumper Tanker,1997,94999,pumper-tanker,Ford,Ford,2-door-commercial,,,31318,0,,500,2500,2026-07-20T15:54:20.329Z,fb52f135-446f-4724-b502-a8d9c4f58493
5318b5b6-3679-4d0a-a9ea-429b741e8b47,OK,South,2014 Ferrara Igniter Pumper,2014,80000,pumper-engine,Ferrara,Ferrara,custom,diesel,,126000,11137,,1250,500,2026-08-10T14:54:25.642Z,fa257783-f061-4187-9eac-110ffe1f7c13
4e61e038-4a9a-4dc2-b98c-942bfe0b8bd8,OK,South,2014 Ferrara Igniter Pumper,2014,85000,pumper-engine,Ferrara,Ferrara,custom,diesel,,126000,11137,,1250,500,2026-08-10T14:54:33.357Z,fa257783-f061-4187-9eac-110ffe1f7c13
42d8b95b-88ef-452f-a668-dfdf4a9ed4de,OK,South,2010 Ford Command Unit,2010,17000,command-unit,Ford,Ford,4-door-commercial,gasoline,,125689,,,,,2026-06-10T15:13:14.265Z,804902f4-571d-45ba-a152-ba389e77cdf8
e4328918-6544-43f5-b65a-fa8f6c50bedc,OK,South,SDi TT801 Trutest Smoke Detector Sensitivity Tester Kit,,6500,,,,,,,,,,,,2026-01-16T20:27:00.628Z,b28116b1-22b6-46b3-81c4-d0066cd02437
a8b278bf-c2f9-49a9-85c4-742a12447adc,OR,West,2018 Rosenbauer 4x4 Hose Wagon (Super Pumper),2018,295000,pumper-engine,Freightliner,Rosenbauer,2-door-commercial,diesel,,5375,314,,8000,0,2026-07-14T13:56:49.095Z,fa257783-f061-4187-9eac-110ffe1f7c13
3c21ed04-38b4-48fe-9cfe-6f2040940f2e,OR,West,2016 Kenworth T880 Dump Truck,2016,85000,dump-truck,Kenworth,,2-door-commercial,diesel,,424825,,,,,2026-07-15T21:18:51.759Z,3e918b89-8111-4445-ab7e-2c9b49127342
d2fad55f-2750-4273-be6a-396b9ca61a61,OR,West,2000 Pierce Saber Pumper,2000,50000,pumper-engine,Pierce,Pierce,custom,diesel,,46749,3533,,1000,500,2026-06-30T03:00:12.665Z,fa257783-f061-4187-9eac-110ffe1f7c13
46974062-0792-4a0e-8d38-d9ed74f8aa5c,OR,West,2002 S&S 6x6 Wildland Unit,2002,82400,wildland-unit,S&S,S&S (Stewart & Stevenson),2-door-commercial,diesel,,31000,,,500,1485,2026-08-10T14:54:21.610Z,f3b8e9a7-fcba-45c1-8eb0-c1f645a9a557
2f906187-8412-4f19-b676-c605468e30b0,OR,West,2004 MedTec Ford Type III Ambulance,2004,12000,type-3,Ford,MedTec,2-door-commercial,diesel,,95044,,,,,2026-07-23T21:08:17.559Z,a81d9a9c-4e1f-4d12-8a69-c1f20a885b44
b8b4985e-da51-4844-89c4-4899b92b21ed,OR,West,2006 Horton Ford Type III Ambulance,2006,10000,type-3,Ford,Horton,2-door-commercial,diesel,,140000,,,,,2026-06-10T15:13:14.265Z,a81d9a9c-4e1f-4d12-8a69-c1f20a885b44
aa273b52-1fa9-4f91-a659-b60dfbdb97c5,OR,West,1989 Ford Pumper,1989,15000,pumper-engine,Ford,Other,custom,diesel,,87000,,,1000,1000,2026-08-10T21:57:29.910Z,fa257783-f061-4187-9eac-110ffe1f7c13
924c7a0b-da59-4a69-8b1c-9cf5b94afd01,OR,West,2017 Ford F550 4x4 Wildland Unit,2017,39999,wildland-unit,Ford,Ford,2-door-commercial,diesel,,119000,,,,,2026-08-11T22:09:43.273Z,f3b8e9a7-fcba-45c1-8eb0-c1f645a9a557
24b20378-0b8b-4ba4-9f1d-20a6f4ddeacf,OR,West,1989 KME 102' Quint,1989,20000,quint,KME,KME,custom,diesel,,98000,,,2000,300,2026-07-01T03:00:48.359Z,32a48e35-feaf-449b-86e1-7631bc0b3968
957069c4-dddd-41ed-bb3a-ee9c46f34c0d,OR,West,1994 SVI Chevrolet Medium Rescue,1994,30000,medium-rescue,Chevrolet,SVI,custom,diesel,,13007,2664,,,,2026-07-30T16:45:35.495Z,86aa5c3b-3965-4a9a-b2f8-fbcb5d0ca70a
56c6228f-f338-46e6-8673-cb859104bce3,OR,West,2002 Wheeled Coach Ford Type III Ambulance,2002,18000,type-3,Ford,Wheeled Coach,2-door-commercial,diesel,,155270,,,,,2026-07-16T03:03:27.610Z,a81d9a9c-4e1f-4d12-8a69-c1f20a885b44
64605e78-9de1-4b4d-8837-a95b76ac0bb4,OR,West,1992 KME Freightliner Pumper,1992,18000,pumper-engine,Freightliner,KME,custom,diesel,,28596,,,1250,750,2026-06-10T15:13:14.265Z,fa257783-f061-4187-9eac-110ffe1f7c13
bb8c6386-2322-4172-b099-c658dc4c73f1,OR,West,JYD XTEND Long Strut set (2nd Gen),,880,,,,,,,,,,,,2026-01-14T15:10:42.789Z,b28116b1-22b6-46b3-81c4-d0066cd02437
11a94add-c2a6-4490-af19-8b46aadad85a,OR,West,Rescue 42 Strut Jack,,800,,,,,,,,,,,,2026-01-16T19:54:15.629Z,b28116b1-22b6-46b3-81c4-d0066cd02437
8bfc32d9-25f3-4f24-8cb2-71ac6918f93c,OR,West,JYD XTEND Strut Set (1st Gen),,550,,,,,,,,,,,,2026-01-16T19:54:15.573Z,b28116b1-22b6-46b3-81c4-d0066cd02437
f134d639-ee8d-4c39-861b-5d9a3e8a23fb,OR,West,Rescue Hook Clusters x6,,200,,,,,,,,,,,,2026-07-08T16:21:08.357Z,b28116b1-22b6-46b3-81c4-d0066cd02437
dc8357cb-4ff6-49d5-978d-985b7f3980e7,OR,West,1/2” Grade 100 Pulling Chains,,250,,,,,,,,,,,,2026-04-19T20:58:09.742Z,b28116b1-22b6-46b3-81c4-d0066cd02437
8a217126-f971-44d3-84e3-ec0eb4577b2e,OR,West,Pulling Tips for Holmatro 4240,,550,,,,,,,,,,,,2026-04-20T14:52:44.725Z,b28116b1-22b6-46b3-81c4-d0066cd02437
d82b4b47-fc51-4754-873b-069557c70aff,PA,Northeast,2014 KME Predator 102' Quint,2014,635000,quint,KME,KME,custom,diesel,,33000,,,2250,300,2026-08-04T23:38:35.695Z,32a48e35-feaf-449b-86e1-7631bc0b3968
524ac06e-8fa0-4187-88d4-01c4aeec9170,PA,Northeast,2010 CCC Heil Rear Loader,2010,18500,rear_loader,CCC,Heil,2-door-commercial,diesel,,190000,,,,,2026-08-03T17:04:49.105Z,a05a1ae8-85b2-4ae3-ae67-10f5ce608164
ad15ae3a-766c-4106-b2ae-d31f778c787e,PA,Northeast,2004 International American Hooklift,2004,19000,hooklift,International,American,2-door-commercial,diesel,,509085,,,,,2026-08-03T20:11:45.756Z,bab99702-5935-4654-a9bb-fcc8d593c293
5606bdeb-a427-42c0-912c-ba5a65d150e1,PA,Northeast,2008 Peterbilt McNeilus Rear Loader,2008,20500,rear_loader,Peterbilt,McNeilus,2-door-commercial,diesel,,213000,22000,,,,2026-08-03T17:04:30.111Z,a05a1ae8-85b2-4ae3-ae67-10f5ce608164
e1375cf6-68e7-4723-90e8-35d7ac770ea5,PA,Northeast,2015 4 Guys Freightliner Heavy Rescue,2015,305000,heavy-rescue,Freightliner,4 Guys,4-door-commercial,diesel,,15275,,,,,2026-08-04T18:30:57.412Z,86aa5c3b-3965-4a9a-b2f8-fbcb5d0ca70a
eae42ef1-1300-4dfc-8221-ec5e24f4c5db,PA,Northeast,2026 Ford F550 4x4 Mini Pumper,2026,399000,mini-pumper,Ford,Ford,4-door-commercial,diesel,,200,,,1750,300,2026-07-14T13:56:48.553Z,6fe8c974-200e-4e53-b687-4988ae13f4ee
f5bf875c-b2f0-4874-8b6b-9a7a93adcd7b,PA,Northeast,2025 Freightliner Pac-Tech Automated Side Loader,2025,290000,automated_side,Freightliner,Pac-Tech,2-door-commercial,diesel,,31211,1726,,,,2026-07-28T21:49:38.360Z,a05a1ae8-85b2-4ae3-ae67-10f5ce608164
e284eab6-d441-40e9-9c4f-d2127814576a,PA,Northeast,2025 International HX Dump Truck,2025,245000,dump-truck,International,,2-door-commercial,,,13000,,,,,2026-07-16T17:58:35.293Z,3e918b89-8111-4445-ab7e-2c9b49127342
a8a03cee-a0af-4d23-ba9b-be1dd17d3945,PA,Northeast,2020 Ford 4x4 Squad,2020,165000,squad,Ford,Ford,4-door-commercial,gasoline,,5185,,,,,2026-08-13T13:33:51.741Z,86aa5c3b-3965-4a9a-b2f8-fbcb5d0ca70a
d9baaca7-0a9a-4194-9c3c-87e4e776c4e2,PA,Northeast,2020 Pierce Arrow XT 107' Quint,2020,1150000,quint,Pierce,Pierce,custom,diesel,,47541,3118,,1500,500,2026-07-15T20:59:09.973Z,32a48e35-feaf-449b-86e1-7631bc0b3968
f9dbecd6-bd37-4b14-b543-13f80908b8c4,PA,Northeast,2007 Pierce Dash Rescue Pumper,2007,275000,rescue-pumper,Pierce,Pierce,custom,diesel,,33574,2526,,2000,750,2026-08-11T16:56:00.256Z,86aa5c3b-3965-4a9a-b2f8-fbcb5d0ca70a
deabd1f6-102b-4dbe-93e0-8c416c57b377,PA,Northeast,2021 Peterbilt Loadmaster Rear Loader,2021,125000,rear_loader,Peterbilt,Loadmaster,2-door-commercial,diesel,,133676,13742,,,,2026-08-03T14:29:09.961Z,a05a1ae8-85b2-4ae3-ae67-10f5ce608164
14041259-0fef-4ff3-94b0-0a45e77bba04,PA,Northeast,2017 4 Guys International 4x4 Pumper,2017,550000,pumper-engine,International,4 Guys,4-door-commercial,diesel,,7782,,,1000,500,2026-07-27T18:28:24.632Z,fa257783-f061-4187-9eac-110ffe1f7c13
84202a79-0c7e-4d4f-8805-008c82994c81,PA,Northeast,2006 Sutphen Pumper,2006,200000,pumper-engine,Sutphen,Sutphen,4-door-commercial,,,25042,1821,,1500,750,2026-08-11T19:59:17.508Z,fa257783-f061-4187-9eac-110ffe1f7c13
fd32d1c8-cbe0-446c-8130-d20ca9e50047,PA,Northeast,2019 Custom Fire Ford 4x4 Brush Truck,2019,195000,brush-truck,Ford,Custom Fire,2-door-commercial,diesel,,5377,,,400,350,2026-07-14T13:56:49.476Z,6fe8c974-200e-4e53-b687-4988ae13f4ee
de3985d3-a3a5-4b8a-9e28-b3f6ac0b6609,PA,Northeast,2009 Pierce Impel Pumper,2009,65000,pumper-engine,Pierce,Pierce,custom,diesel,,81500,,,1500,1000,2026-08-11T15:42:52.190Z,fa257783-f061-4187-9eac-110ffe1f7c13
5e2e9383-97fa-44c0-bd1e-e652415d542e,PA,Northeast,2001 KME 95' Aerial,2001,100000,aerial-ladder,KME,KME,custom,diesel,,18169,,,2000,300,2026-07-16T17:13:18.870Z,32a48e35-feaf-449b-86e1-7631bc0b3968
e593ac5a-f988-45de-b030-139a4174be24,PA,Northeast,1995 S&S Peterbilt Tanker,1995,145000,tanker-tender,Peterbilt,S&S (Stewart & Stevenson),2-door-commercial,diesel,,26159,2416,,1500,3500,2026-08-12T20:36:06.881Z,fb52f135-446f-4724-b502-a8d9c4f58493
e801b356-eb82-4cd9-93a8-c31c645c4579,PA,Northeast,2012 International Pumper Tanker,2012,195000,pumper-tanker,International,International,2-door-commercial,diesel,,76979,490,,400,1850,2026-08-13T13:30:59.014Z,fb52f135-446f-4724-b502-a8d9c4f58493
b3c14833-ddda-4db4-afeb-4ce2da78c2c6,PA,Northeast,2013 Smeal Spartan Pumper,2013,169000,pumper-engine,Spartan,Smeal,custom,diesel,,85850,7591,,1250,500,2026-08-11T01:17:58.236Z,fa257783-f061-4187-9eac-110ffe1f7c13
56014078-780b-45e3-a870-c2d5ce84f197,PA,Northeast,2012 Ferrara HME Pumper,2012,275000,pumper-engine,HME,Ferrara,custom,diesel,,34645,2761,354,1500,500,2026-08-10T22:04:07.995Z,fa257783-f061-4187-9eac-110ffe1f7c13
0280db0d-d103-4c82-9900-ef01ca8b55d9,PA,Northeast,2012 KME Predator Rescue Pumper,2012,489000,rescue-pumper,KME,KME,custom,diesel,,25000,,,1500,500,2026-07-16T17:13:13.315Z,86aa5c3b-3965-4a9a-b2f8-fbcb5d0ca70a
7e4b60ff-d355-4846-a002-97e5c72cc604,PA,Northeast,2007 Hackney Spartan Heavy Rescue,2007,200000,heavy-rescue,Spartan,Hackney,custom,diesel,,13600,1278,,500,500,2026-07-16T17:13:15.577Z,86aa5c3b-3965-4a9a-b2f8-fbcb5d0ca70a
d5436b7c-f936-4194-a8c6-afb0b17294b3,PA,Northeast,2008 Smeal Spartan Pumper,2008,225000,pumper-engine,Spartan,Smeal,4-door-commercial,,,13000,1500,,2000,500,2026-07-27T15:06:56.734Z,fa257783-f061-4187-9eac-110ffe1f7c13
19a77e92-057f-4543-9237-d59dade3bcae,PA,Northeast,2008 Crimson International Pumper,2008,125000,pumper-engine,International,Crimson,4-door-commercial,diesel,,13600,,,1250,1000,2026-07-16T17:13:21.669Z,fa257783-f061-4187-9eac-110ffe1f7c13
8cc1a7b1-634e-4dce-a8e9-ae4b955bba4f,PA,Northeast,2008 Rosenbauer International 4x4 Pumper,2008,215000,pumper-engine,International,Rosenbauer,4-door-commercial,diesel,,10513,825,120,1500,1000,2026-07-27T14:15:48.463Z,fa257783-f061-4187-9eac-110ffe1f7c13
a9c1774a-8d0c-4811-9be4-9f247f0eecea,PA,Northeast,2007 Pierce Quantum Pumper,2007,125000,pumper-engine,Pierce,Pierce,custom,diesel,,31304,2060,,2000,1000,2026-08-10T14:59:47.455Z,fa257783-f061-4187-9eac-110ffe1f7c13
c4f39672-b6c6-4a20-943e-f88b54c6adc1,PA,Northeast,2002 KME International Pumper,2002,20000,pumper-engine,International,KME,4-door-commercial,diesel,,17994,1994,,1500,500,2026-08-11T19:34:24.527Z,fa257783-f061-4187-9eac-110ffe1f7c13
1124ce21-51f5-4813-8e14-8bbe7d717d70,PA,Northeast,2000 Spartan Pumper Tanker,2000,85000,pumper-tanker,Spartan,Spartan,custom,diesel,,27000,2304,,1500,1500,2026-08-08T16:51:15.493Z,fb52f135-446f-4724-b502-a8d9c4f58493
58a805f6-d2b9-4cc4-83f6-dd1586334e3e,PA,Northeast,2006 Pierce Quantum Rescue Pumper,2006,75000,rescue-pumper,Pierce,Pierce,custom,diesel,,26885,,,2000,500,2026-08-11T01:15:45.084Z,86aa5c3b-3965-4a9a-b2f8-fbcb5d0ca70a
fd3f6918-d4bb-4c65-8696-1a7b5c0b1f2a,PA,Northeast,2005 Pierce Pumper,2005,180000,pumper-engine,Pierce,Pierce,4-door-commercial,diesel,,24100,,,2000,750,2026-08-13T13:26:58.494Z,fa257783-f061-4187-9eac-110ffe1f7c13
991bf0ae-392d-4289-a4ce-0e0bb353e6d5,PA,Northeast,2002 KME Panther Pumper,2002,50000,pumper-engine,KME,KME,custom,diesel,,27474,3838,,1500,1000,2026-08-10T14:54:39.460Z,fa257783-f061-4187-9eac-110ffe1f7c13
f1c00b44-46b9-4863-ab79-e3f7ce66394b,SC,South,2025 Freightliner Vac-Con Combination,2025,450000,combination,Freightliner,Vac-Con,2-door-commercial,diesel,,12000,,1,80,2400,2026-08-11T21:51:17.559Z,399f25f9-1380-427d-a067-7e931d2d4dde
1de82e82-4e77-4a49-b5f3-fb0a5c5c1dce,SC,South,2026 Western Star Combination,2026,650000,combination,Western Star,Other,2-door-commercial,,,1000,,5,80,0,2026-07-24T19:45:39.059Z,399f25f9-1380-427d-a067-7e931d2d4dde
ac73560e-cbe0-4748-82fe-4b5ebc74c5ae,SC,South,2019 Western Star Vactor Combination,2019,380000,combination,Western Star,Vactor,2-door-commercial,diesel,,30000,,,80,2500,2026-08-10T16:08:59.064Z,399f25f9-1380-427d-a067-7e931d2d4dde
927557dd-ed65-44b8-b209-cda5766134dd,SC,South,2025 Ford F600 Dump Truck,2025,120000,dump-truck,Ford,,2-door-commercial,,,10971,,,,,2026-07-16T17:58:50.265Z,3e918b89-8111-4445-ab7e-2c9b49127342
737a913a-f0f6-40fe-b098-edcfc30d98b6,SC,South,2020 Western Star 4700 Sf Dump Truck,2020,175000,dump-truck,Western Star,,2-door-commercial,,,306000,,,,,2026-08-05T22:25:58.043Z,3e918b89-8111-4445-ab7e-2c9b49127342
552c56e3-58a5-47cf-a30e-9af23a5a8cea,SC,South,2022 Western Star 47x Dump Truck,2022,195000,dump-truck,Western Star,,2-door-commercial,diesel,,199396,,,,,2026-07-16T17:58:36.151Z,3e918b89-8111-4445-ab7e-2c9b49127342
8e539303-758a-4b0c-b810-0ae1c4fe0930,SC,South,2003 Freightliner Tanker,2003,115000,tanker-tender,Freightliner,Other,4-door-commercial,diesel,,18153,,,250,3000,2026-07-30T18:51:16.061Z,fb52f135-446f-4724-b502-a8d9c4f58493
71764fae-74b8-4114-a1c6-112169be4db9,SC,South,2016 Ford F550 O'Brien Jetter,2016,125000,jetter,Ford,Other,2-door-commercial,,,47060,,327,40,0,2026-07-27T14:27:32.785Z,399f25f9-1380-427d-a067-7e931d2d4dde
8554eb75-d8de-4180-96c6-02f87980d155,SC,South,2009 E-One Ford 4x4 Squad,2009,60000,squad,Ford,E-One,4-door-commercial,diesel,,48736,,,240,300,2026-08-10T14:54:06.512Z,86aa5c3b-3965-4a9a-b2f8-fbcb5d0ca70a
9f4117c6-37d3-4f80-83fc-da1abb39dbaa,SC,South,2014 Kenworth Vermeer Hydrovac,2014,199500,hydrovac,Kenworth,Vermeer,2-door-commercial,diesel,,92000,,,5.6,410,2026-08-11T21:49:43.688Z,399f25f9-1380-427d-a067-7e931d2d4dde
40fbc0f6-ae86-4fed-bae0-0de5ccb037d1,SC,South,2019 Kenworth T800,2019,159000,dump-truck,Kenworth,,2-door-commercial,diesel,,179000,,,,,2026-07-16T17:59:03.891Z,3e918b89-8111-4445-ab7e-2c9b49127342
4f678274-ddc2-4fe6-8d13-f73414e06f43,SC,South,2019 Kenworth T880 (1/2),2019,150000,dump-truck,Kenworth,,2-door-commercial,diesel,,101000,,,,,2026-07-16T17:58:54.530Z,3e918b89-8111-4445-ab7e-2c9b49127342
d5b98f58-9505-4964-8cd4-4e31d9aaa82e,SC,South,2019 Kenworth T880 (2/2),2019,130000,dump-truck,Kenworth,,2-door-commercial,diesel,,420000,,,,,2026-07-15T21:18:58.444Z,3e918b89-8111-4445-ab7e-2c9b49127342
aea0dc85-59ec-4bb3-904a-cc47b9730777,SC,South,1997 GATCO Freightliner Pumper Tanker,1997,50000,pumper-tanker,Freightliner,GATCO,4-door-commercial,diesel,,25278,,,1250,1500,2026-07-30T18:52:07.847Z,fb52f135-446f-4724-b502-a8d9c4f58493
2d203c98-5df0-4a68-8266-9c510b7ee1b8,SC,South,2000 Sutphen HS-3519 Pumper,2000,15900,pumper-engine,Sutphen,Sutphen,custom,diesel,,18000,,,1500,465,2026-07-17T16:41:28.572Z,fa257783-f061-4187-9eac-110ffe1f7c13
a3ac80e9-fdf0-4117-8d25-6062794c7e9a,SC,South,1993 KME Freightliner Pumper,1993,15000,pumper-engine,Freightliner,KME,4-door-commercial,diesel,,38812,,,1500,1000,2026-07-03T03:00:45.362Z,fa257783-f061-4187-9eac-110ffe1f7c13
e5fd0f33-9781-49b9-99a4-5aaf26a9e7b0,SC,South,1999 Western Star 4900 Dump Truck,1999,48000,dump-truck,Western Star,,2-door-commercial,diesel,,349000,,,,,2026-08-12T20:15:59.810Z,3e918b89-8111-4445-ab7e-2c9b49127342
4662ffb1-69b1-481f-aeed-ba27e3f53848,SC,South,1998 Pierce Saber Pumper,1998,15000,pumper-engine,Pierce,Pierce,custom,diesel,,73963,8881,,1500,750,2026-08-12T22:20:07.434Z,fa257783-f061-4187-9eac-110ffe1f7c13
bb6a0e6e-d9e3-4cb0-be52-8afbd0d38892,SC,South,2003 GMC Squad,2003,38000,squad,GMC,Other,2-door-commercial,diesel,,16849,,,,,2026-07-30T18:52:24.621Z,86aa5c3b-3965-4a9a-b2f8-fbcb5d0ca70a
8382d146-6102-4562-b641-a59a653a7a59,SC,South,2012 Pierce Freightliner Heavy Rescue,2012,70000,heavy-rescue,Freightliner,Pierce,2-door-commercial,,,118896,0,,,0,2026-07-02T03:00:30.787Z,86aa5c3b-3965-4a9a-b2f8-fbcb5d0ca70a
4184d4e2-f991-41ae-8f98-57fc365bbc0e,SC,South,1994 Spartan Pumper Tanker,1994,9000,pumper-tanker,Spartan,Spartan,custom,diesel,,34456,,,1500,1000,2026-08-11T01:13:51.322Z,fa257783-f061-4187-9eac-110ffe1f7c13
6bc06fb4-1d50-4644-8350-fb99b4ecaacd,SC,South,1999 Wheeled Coach Ford Type III Ambulance,1999,10000,type-3,Ford,Wheeled Coach,2-door-commercial,,,150264,,,,,2026-06-26T03:00:13.699Z,a81d9a9c-4e1f-4d12-8a69-c1f20a885b44
34b481f6-49e7-45ad-8b9d-87eef2832acd,TN,South,2019 Peterbilt Heil Automated Side Loader,2019,49000,automated_side,Peterbilt,Heil,2-door-commercial,diesel,,106560,,,,,2026-07-14T19:00:07.908Z,a05a1ae8-85b2-4ae3-ae67-10f5ce608164
f12d5b80-fa53-4eda-84c2-c3b6d551a203,TN,South,2022 GMC Denali Inkas Armored 4x4 Command Truck,2022,115000,command-truck,GMC,GMC,4-door-commercial,gasoline,,27000,,,,,2026-08-05T21:13:17.986Z,804902f4-571d-45ba-a152-ba389e77cdf8
9042bf5c-c7b0-446d-948d-339a4a7f6597,TN,South,2010 Freightliner Heil Rear Loader,2010,20000,rear_loader,Freightliner,Heil,2-door-commercial,diesel,,55000,,,,,2026-08-07T01:06:09.739Z,a05a1ae8-85b2-4ae3-ae67-10f5ce608164
89914829-f9bd-4aee-be6f-50d44c8b7dfa,TN,South,2002 International Heil Rear Loader,2002,12000,rear_loader,International,Heil,2-door-commercial,diesel,,90000,,,,,2026-08-06T15:55:57.679Z,a05a1ae8-85b2-4ae3-ae67-10f5ce608164
0d55100a-a25f-49a9-9b92-3a7b582b76c1,TN,South,2001 Mack Heil Front Loader,2001,15000,front_loader,Mack,Heil,2-door-commercial,diesel,,75000,,,,,2026-08-04T18:26:55.845Z,a05a1ae8-85b2-4ae3-ae67-10f5ce608164
7488d4f4-a856-4524-9777-47839eda2d1b,TN,South,1995 E-One Protector Light Rescue,1995,22500,light-rescue,E-One,E-One,custom,diesel,,29996,,,200,300,2026-07-07T03:00:26.098Z,86aa5c3b-3965-4a9a-b2f8-fbcb5d0ca70a
7be14167-3418-43c3-8c51-db85000a4482,TN,South,2002 Kenworth W900 Dump Truck,2002,90000,dump-truck,Kenworth,,2-door-commercial,diesel,,8000,,,,,2026-07-02T21:28:15.331Z,3e918b89-8111-4445-ab7e-2c9b49127342
8e8c7aa0-a0a0-494f-b165-1cfc94f08bb4,TN,South,1992 Pierce Pumper,1992,20000,pumper-engine,Pierce,Pierce,custom,diesel,,27149,,,1250,1000,2026-08-10T20:22:03.923Z,fa257783-f061-4187-9eac-110ffe1f7c13
aed9d934-3fd5-4ff5-b25c-da638728fa26,TN,South,2014 Kenworth T880 Dump Truck,2014,93450,dump-truck,Kenworth,,2-door-commercial,diesel,,558000,,,,,2026-06-11T03:04:00.288Z,3e918b89-8111-4445-ab7e-2c9b49127342
0f4e72c7-18c2-4327-ad61-2e64f58b73f9,TN,South,1998 Saulsbury American LaFrance Pumper,1998,25000,pumper-engine,American LaFrance,Saulsbury,4-door-commercial,diesel,,50000,,,2000,750,2026-08-07T01:02:36.142Z,fa257783-f061-4187-9eac-110ffe1f7c13
ead568cb-d048-4d19-8aff-d22e5149299d,TN,South,1992 Pierce Lance 75' Aerial,1992,20000,aerial-ladder,Pierce,Pierce,custom,diesel,,22091,3768,,0,0,2026-08-11T01:17:21.000Z,32a48e35-feaf-449b-86e1-7631bc0b3968
3db40e45-1aa6-4e8f-907f-a78885021cc1,TN,South,2012 Pierce International Pumper,2012,83000,pumper-engine,International,Pierce,4-door-commercial,diesel,,113076,12265,459,1500,750,2026-08-10T14:54:11.396Z,fa257783-f061-4187-9eac-110ffe1f7c13
354e0a16-cc7b-435a-8251-4c03bb1cb024,TN,South,1991 Spartan GA20-2142 Pumper Tanker,1991,20000,pumper-tanker,Spartan,Spartan,custom,diesel,,26610,,,350,1350,2026-07-17T15:03:44.421Z,fa257783-f061-4187-9eac-110ffe1f7c13
06412de1-09ad-469e-bdb2-91ed1f1211b3,TN,South,1997 E-One International Pumper,1997,30000,pumper-engine,International,E-One,4-door-commercial,diesel,,25000,,,1250,1000,2026-08-12T18:46:25.472Z,fa257783-f061-4187-9eac-110ffe1f7c13
eb500785-bfce-4656-ac53-9f2ae99ae6e8,TN,South,2013 Pierce Velocity 100' Quint,2013,685000,quint,Pierce,Pierce,custom,diesel,,38058,4045,,2000,300,2026-08-06T14:48:46.137Z,32a48e35-feaf-449b-86e1-7631bc0b3968
c50c4dc1-b86f-42c4-ad09-a98474b07128,TN,South,Certified 4-Unit Honeywell AreaRAE Pro CBRNE Fleet – Turnkey RDK with All Safe Certification,,24500,,,,,,,,,,,,2026-06-18T00:35:20.137Z,b28116b1-22b6-46b3-81c4-d0066cd02437
955893c8-9a29-4a7c-867b-8d9f273306e8,TX,South,2005 Sterling Combination,2005,79999,combination,Sterling,,2-door-commercial,diesel,,88992,,,80,1600,2026-07-30T14:48:33.968Z,399f25f9-1380-427d-a067-7e931d2d4dde
820ce254-7518-4c84-8d40-1af5cb7faa34,TX,South,2011 Braun Dodge Type I Ambulance,2011,19900,type-1,Dodge,Braun,2-door-commercial,diesel,,170757,,,,,2026-06-10T15:13:14.265Z,a81d9a9c-4e1f-4d12-8a69-c1f20a885b44
93fffebb-b509-4d9e-90d0-64272f2cf0fb,TX,South,2009 Wheeled Coach Chevrolet Type I Ambulance,2009,21900,type-1,Chevrolet,Wheeled Coach,2-door-commercial,diesel,,110892,,,,,2026-06-10T15:13:14.265Z,a81d9a9c-4e1f-4d12-8a69-c1f20a885b44
c48e0c27-6e64-4e38-a183-5cfd7835a9bc,TX,South,2011 Wheeled Coach Ford Type I Ambulance,2011,42000,type-1,Ford,Wheeled Coach,2-door-commercial,diesel,,66051,,,,,2026-06-10T15:13:14.265Z,a81d9a9c-4e1f-4d12-8a69-c1f20a885b44
a2c4dd0c-5443-48f4-82bc-0acaab196eef,TX,South,2012 Wheeled Coach Chevrolet Type II Ambulance,2012,31900,type-2,Chevrolet,Wheeled Coach,2-door-commercial,diesel,,196648,,,,,2026-07-23T21:06:31.702Z,a81d9a9c-4e1f-4d12-8a69-c1f20a885b44
ad7da624-b393-4f3c-89f1-cf3abf0c07de,TX,South,2020 Pierce Freightliner Pumper,2020,375000,pumper-engine,Freightliner,Pierce,4-door-commercial,diesel,,15893,1543,,1250,500,2026-07-14T13:56:50.004Z,fa257783-f061-4187-9eac-110ffe1f7c13
1d69c8a9-3236-442c-883b-742ee962ac78,TX,South,2007 Ferrara Pumper,2007,90000,pumper-engine,Ferrara,Ferrara,custom,diesel,,34400,2299,,1500,1000,2026-08-10T21:26:09.469Z,fa257783-f061-4187-9eac-110ffe1f7c13
ec8eb653-8366-4ea5-93fd-06bbf1905de2,TX,South,2026 International MV Tanker,2026,135000,,,,2-door-commercial,diesel,,732,,,,,2026-07-16T17:58:37.968Z,92784232-ddd6-4355-aa20-a4cd50bb8074
c53c236a-b771-4561-b1f3-ae039af56c22,TX,South,2025 Ford 550 4x4 Type I Ambulance,2025,330000,type-1,Ford,Ford,2-door-commercial,diesel,,400,18,,,,2026-08-03T21:06:38.586Z,a81d9a9c-4e1f-4d12-8a69-c1f20a885b44
8e14c13f-4212-427e-a0d6-55e422db6b8c,TX,South,2019 Peterbilt X-Vac Hydrovac,2019,300000,hydrovac,Peterbilt,X-Vac,2-door-commercial,diesel,,16323,,3348,20,570,2026-08-11T13:22:29.362Z,399f25f9-1380-427d-a067-7e931d2d4dde
80eb92bb-53ad-40de-bfbd-3a361eea120a,TX,South,2015 Ferrara Ember 77' Aerial,2015,685000,aerial-ladder,Ferrara,Ferrara,custom,diesel,,39211,3921,,1750,500,2026-07-16T17:13:16.983Z,32a48e35-feaf-449b-86e1-7631bc0b3968
88496499-a417-443a-b4c2-2c2dedc3df75,TX,South,2018 Pierce Dash CF Pumper,2018,285000,pumper-engine,Pierce,Pierce,4-door-commercial,diesel,,71021,,,1500,500,2026-07-15T21:13:12.798Z,fa257783-f061-4187-9eac-110ffe1f7c13
7d964a4c-4a43-410f-9059-be41af36fbd6,TX,South,2012 Ferrara 107' Quint,2012,349999,quint,Ferrara,Ferrara,custom,diesel,,69912,4427,443,2000,630,2026-07-16T17:13:20.356Z,32a48e35-feaf-449b-86e1-7631bc0b3968
7d2d2d11-92d6-4f81-a708-add5b0d82375,TX,South,2023 Ford F-450 Lariat 4x4 Brush Truck,2023,137000,brush-truck,Ford,Ford,4-door-commercial,diesel,,55635,,,0,0,2026-08-11T20:23:53.189Z,6fe8c974-200e-4e53-b687-4988ae13f4ee
6429b2d3-aebf-470c-8dab-1f0511f5a39f,TX,South,2016 Ford 4x4 Brush Truck,2016,179999,brush-truck,Ford,Other,4-door-commercial,gasoline,,23536,2115,,260,400,2026-08-12T16:14:35.584Z,6fe8c974-200e-4e53-b687-4988ae13f4ee
3b590894-2f45-45b9-8e83-3675f362eb81,TX,South,2019 Horton Ford 4x4 Type I Ambulance,2019,65000,type-1,Ford,Horton,2-door-commercial,diesel,,106000,,,,,2026-08-11T20:10:13.034Z,a81d9a9c-4e1f-4d12-8a69-c1f20a885b44
91273655-7f31-4ede-9a4d-92319bf4ed0e,TX,South,2008 Pierce International Pumper,2008,99999,pumper-engine,International,Pierce,4-door-commercial,diesel,,38863,,,1250,1000,2026-08-14T20:32:12.727Z,fa257783-f061-4187-9eac-110ffe1f7c13
0248649e-a1af-411a-b45c-768f46bd51e7,TX,South,2016 Ford F-750 4x4 Brush Truck,2016,119000,brush-truck,Ford,Ford,2-door-commercial,diesel,,37900,3054,,,,2026-08-11T01:18:37.525Z,6fe8c974-200e-4e53-b687-4988ae13f4ee
af38e244-a9a4-4c8d-ae49-5f67a4e6c44b,TX,South,2016 Wheeled Coach Ford Type I Ambulance,2016,69900,type-1,Ford,Wheeled Coach,2-door-commercial,,,23309,,,,,2026-08-06T20:46:46.395Z,a81d9a9c-4e1f-4d12-8a69-c1f20a885b44
be55f773-b2d1-4184-a58e-83ef1583b903,TX,South,2019 Frazer Chevrolet Type I Ambulance,2019,64900,type-1,Chevrolet,Frazer,2-door-commercial,gasoline,,92128,14435,,,,2026-08-06T20:30:22.962Z,a81d9a9c-4e1f-4d12-8a69-c1f20a885b44
2107b7da-8943-49ae-9a5b-d9a8cba40df1,TX,South,2007 Ford 4x4 Brush Truck,2007,80000,brush-truck,Ford,Ford,4-door-commercial,,,11675,884,,350,400,2026-07-16T17:13:19.396Z,6fe8c974-200e-4e53-b687-4988ae13f4ee
a4dd2219-352e-44b7-a1ad-d7de8578ca6b,TX,South,2019 Frazer Ram Type I Ambulance,2019,69900,type-1,Ram,Frazer,2-door-commercial,diesel,,114107,9767,,,,2026-08-06T20:26:14.952Z,a81d9a9c-4e1f-4d12-8a69-c1f20a885b44
ac69adf7-c721-4248-8d1e-32db8ca3a80e,TX,South,2019 Frazer Ram Type I Ambulance,2019,64900,type-1,Ram,Frazer,2-door-commercial,diesel,,141332,,,,,2026-08-06T20:23:20.657Z,a81d9a9c-4e1f-4d12-8a69-c1f20a885b44
87ba03f4-5abe-4269-840a-00f8ab67d544,TX,South,2018 Frazer Chevrolet Type I Ambulance,2018,64900,type-1,Chevrolet,Frazer,2-door-commercial,gasoline,,117330,8854,,,,2026-08-06T20:05:03.018Z,a81d9a9c-4e1f-4d12-8a69-c1f20a885b44
50aac516-9cdd-48dd-834b-bdad9175ad94,TX,South,2016 Wheeled Coach Ford Type I Ambulance,2016,74900,type-1,Ford,Wheeled Coach,2-door-commercial,diesel,,35559,5026,,,,2026-08-06T19:37:41.547Z,a81d9a9c-4e1f-4d12-8a69-c1f20a885b44
ac17d720-cfea-4d89-ae43-7ea93d025d5d,TX,South,2017 Frazer Chevrolet Type I Ambulance,2017,64900,type-1,Chevrolet,Frazer,2-door-commercial,gasoline,,103959,,,,,2026-08-06T19:44:18.874Z,a81d9a9c-4e1f-4d12-8a69-c1f20a885b44
7b507850-fab5-463f-b3b0-83784ba71eab,TX,South,2013 Ford Expedition Command Unit,2013,12000,command-unit,Ford,Ford,custom,gasoline,,72000,1000,,,,2026-08-06T14:19:24.195Z,804902f4-571d-45ba-a152-ba389e77cdf8
863b3946-2a7a-4407-8ca7-b8fa785e4a10,TX,South,2019 Dodge Charger - Police **Equipped**,2019,8000,,,,4-door-commercial,gasoline,,114363,,,,,2026-08-13T17:00:37.549Z,37fb2938-3157-4579-ab35-6ab2e7a39f89
2d556488-9eca-4ccc-9f94-c8b5980a425d,TX,South,2016 Wheeled Coach Ford Type I Ambulance,2016,64900,type-1,Ford,Wheeled Coach,2-door-commercial,diesel,,53465,2890,,,,2026-08-06T20:19:24.048Z,a81d9a9c-4e1f-4d12-8a69-c1f20a885b44
ce2d885f-2d5b-4276-8419-e21ff7deaf95,TX,South,2020 International MV Scorpion II Attenuator Truck,2020,95000,,International,,2-door-commercial,diesel,,214165,,,,,2026-06-10T15:13:14.265Z,0c5e300a-0a31-4ed4-a040-f82808f0d723
8581e73c-ea56-4fb2-afae-a778729c9de4,TX,South,2020 Dodge Durango PPV,2020,39999,,,,4-door-commercial,gasoline,,80756,,,,,2026-08-11T16:25:25.288Z,37fb2938-3157-4579-ab35-6ab2e7a39f89
31e62b3b-e8f9-416b-8036-a28041aad97c,TX,South,2005 Pierce International Pumper Tanker,2005,149000,pumper-tanker,International,Pierce,2-door-commercial,diesel,,14106,748,,350,2500,2026-07-16T17:13:18.225Z,fb52f135-446f-4724-b502-a8d9c4f58493
11653dfc-46ea-4c03-9f10-f9f6065909b1,VA,South,2025 Toyne Freightliner 4x4 Pumper,2025,800000,pumper-engine,Freightliner,Toyne,4-door-commercial,diesel,,6682,211,,1500,750,2026-07-14T13:56:49.763Z,fa257783-f061-4187-9eac-110ffe1f7c13
03144fda-1625-4e9e-beb8-0a0d17d8ce68,VA,South,2025 Ford F350 4x4 Quick Attack,2025,335000,quick-attack,Ford,Ford,4-door-commercial,,,1299,,,,250,2026-07-14T13:56:49.594Z,6fe8c974-200e-4e53-b687-4988ae13f4ee
9accabae-344c-4be0-bbb6-898ad6b40017,VA,South,2023 Kenworth T880 Dump Truck,2023,230000,dump-truck,Kenworth,,2-door-commercial,,,150000,,,,,2026-07-16T17:58:53.012Z,3e918b89-8111-4445-ab7e-2c9b49127342
fcb36f68-ad7a-4c31-af45-bb62b822e3c2,VA,South,2006 Ford 4x4 Brush Truck,2006,50000,brush-truck,Ford,Other,2-door-commercial,diesel,,23564,1405,,250,200,2026-08-11T20:32:12.325Z,6fe8c974-200e-4e53-b687-4988ae13f4ee
f7583eb1-10fa-4c3c-b55f-24077cefc2c7,VA,South,1995 Stewart & Stevenson M1079 4x4 Mobile Workshop with M1082 Military Cargo Trailer,1995,77499,,S&S,,custom,diesel,,11000,,,,,2026-08-12T22:21:51.909Z,92784232-ddd6-4355-aa20-a4cd50bb8074
384d538a-936c-478e-90a7-93a959520158,VA,South,2007 Pierce Dash Pumper,2007,148000,pumper-engine,Pierce,Pierce,custom,diesel,,141967,14778,,2000,625,2026-07-21T15:18:11.928Z,fa257783-f061-4187-9eac-110ffe1f7c13
31665e75-68cd-4107-be9c-2bda07fa144a,VA,South,2008 Chevrolet Tahoe 4x4 Command Unit,2008,9995,command-unit,Chevrolet,Chevrolet,4-door-commercial,gasoline,,83000,,,,,2026-08-08T20:14:53.673Z,804902f4-571d-45ba-a152-ba389e77cdf8
687de069-1007-4419-862e-ff34f644569f,VA,South,2012 Wheeled Coach Ford Type I Ambulance,2012,62350,type-1,Ford,Wheeled Coach,2-door-commercial,diesel,,32844,,,,,2026-08-10T02:48:34.408Z,a81d9a9c-4e1f-4d12-8a69-c1f20a885b44
72ed9c02-50d7-46d8-9b45-98f65509b162,VA,South,2010 Mack McNeilus Automated Side Loader,2010,30000,automated_side,Mack,McNeilus,2-door-commercial,diesel,,151000,,,,,2026-06-11T03:01:33.566Z,a05a1ae8-85b2-4ae3-ae67-10f5ce608164
29eca933-18c7-4889-a9f8-5e6ff3e9dfd1,VA,South,2005 Pierce Enforcer Pumper,2005,95000,pumper-engine,Pierce,Pierce,custom,diesel,,48000,,,1500,500,2026-07-16T17:13:27.820Z,fa257783-f061-4187-9eac-110ffe1f7c13
5dbdcf10-1944-451e-9480-0de0d919581b,VA,South,1996 3D Pumper Tanker,1996,50000,pumper-tanker,Other,3D,2-door-commercial,,,39700,,,1500,1250,2026-07-03T03:00:05.430Z,fa257783-f061-4187-9eac-110ffe1f7c13
bdb7a4c7-eb57-4470-a8cb-59a59960312d,VA,South,1995 International Hydrovac,1995,24500,hydrovac,International,,2-door-commercial,diesel,,80790,,,3000,1000,2026-07-15T03:00:29.208Z,399f25f9-1380-427d-a067-7e931d2d4dde
44f31f43-e8e7-4f59-bcfa-3a404c46840b,VA,South,1997 International 4900 Air Truck,1997,25000,other-apparatus,International,Other,2-door-commercial,,,279174,,,0,0,2026-08-06T16:31:07.653Z,6092aee6-fe58-436b-b005-d30d30c4b98b
3d903aa1-d3f6-4267-822f-51edb3f2dfb6,VA,South,1999 Ford 4x4 Brush Truck,1999,35000,brush-truck,Ford,Other,2-door-commercial,diesel,,36000,,,300,300,2026-07-30T11:51:42.867Z,6fe8c974-200e-4e53-b687-4988ae13f4ee
bfc75dc0-d071-44ca-bd0d-063476e2a6e4,VA,South,2013 McCoy Miller Ford 4x4 Type I Ambulance,2013,25000,type-1,Ford,McCoy Miller,4-door-commercial,,,153886,,,,,2026-07-17T01:33:56.234Z,a81d9a9c-4e1f-4d12-8a69-c1f20a885b44
c9a133b4-cc0e-40ec-bfa4-ddab44e15654,VA,South,1989 GMC Brigadere,1989,40000,dump-truck,GMC,,2-door-commercial,diesel,,280000,,,,,2026-06-11T03:00:16.330Z,3e918b89-8111-4445-ab7e-2c9b49127342
2b09b2ee-ac87-4257-8157-b9cb8737a46f,VA,South,1996 Ford F350 Type III Ambulance,1996,9800,type-3,Ford,Ford,2-door-commercial,,,100000,,,,,2026-07-23T21:30:35.924Z,a81d9a9c-4e1f-4d12-8a69-c1f20a885b44
83d1a3a8-1399-46fa-87e1-1717a323a786,WA,West,2014 Crimson International 4x4 Pumper,2014,300000,pumper-engine,International,Crimson,2-door-commercial,diesel,,8417,548,,1500,1000,2026-07-16T17:13:19.843Z,fa257783-f061-4187-9eac-110ffe1f7c13
f4e05c75-9809-4eea-84cc-0851984ebb83,WA,West,2006 Spartan Evolution 75' Quint,2006,225000,quint,Spartan,Spartan,custom,diesel,,11550,1041,,1500,500,2026-07-22T03:22:28.002Z,32a48e35-feaf-449b-86e1-7631bc0b3968
dd01f5a0-d57d-4790-8d6c-8afb1be95775,WA,West,2001 Pierce Saber Pumper,2001,55000,pumper-engine,Pierce,Pierce,custom,diesel,,64982,8956,,1500,750,2026-08-10T20:53:43.707Z,fa257783-f061-4187-9eac-110ffe1f7c13
00d1ad29-5122-4d12-bf53-60d119f079c7,WA,West,1994 HME Pumper,1994,14000,pumper-engine,HME,HME,custom,diesel,,87931,8690,,2250,1500,2026-06-29T21:13:37.331Z,fa257783-f061-4187-9eac-110ffe1f7c13
ae141b3b-251a-48e9-a1a7-c01dfaa55d7c,WA,West,2010 Ford E-350 Super Duty Power Stroke Ambulance Type III Ambulance,2010,12000,type-3,Ford,Ford,2-door-commercial,,,130000,,,,,2026-07-26T10:39:47.357Z,a81d9a9c-4e1f-4d12-8a69-c1f20a885b44
05c2acda-7f99-405e-9b3a-5a3aa10ed8b2,WA,West,2007 Autocar Heil Side Loader,2007,20000,side_loader,Autocar,Heil,2-door-commercial,diesel,,39000,,,,,2026-06-30T03:00:28.278Z,a05a1ae8-85b2-4ae3-ae67-10f5ce608164
1cb0504a-d703-4a36-8d70-31ef4c53faee,WA,West,2009 Mack Heil Automated Side Loader,2009,35000,automated_side,Mack,Heil,2-door-commercial,,,82000,8600,,,,2026-08-04T21:06:02.310Z,a05a1ae8-85b2-4ae3-ae67-10f5ce608164
53897e78-0797-4155-a2f3-a5465135a057,WA,West,2009 North Star Ford Type III Ambulance,2009,30000,type-3,Ford,North Star,2-door-commercial,diesel,,65000,6556,,,,2026-08-04T19:01:07.344Z,a81d9a9c-4e1f-4d12-8a69-c1f20a885b44
2a9d182d-79ce-4449-ab02-6bfe01880176,WA,West,2002 H&W International 4400 1250/750/20 Rural Engine Pumper Fire Truck,2002,49000,,,,2-door-commercial,diesel,,40500,,,1250,750,2026-06-11T03:01:10.072Z,fa257783-f061-4187-9eac-110ffe1f7c13
63acc2c3-f50a-4f35-8e06-7d5a00aef80b,WA,West,1994 Freightliner Wildland Unit,1994,28000,wildland-unit,Freightliner,Freightliner,2-door-commercial,diesel,,97000,,,1250,750,2026-08-11T01:14:09.679Z,f3b8e9a7-fcba-45c1-8eb0-c1f645a9a557
e306711b-76bd-4e8c-99d0-5e266954ed86,WA,West,2015 Horton Ford Type I Ambulance,2015,30000,type-1,Ford,Horton,2-door-commercial,diesel,,143320,,,,,2026-07-29T18:51:18.652Z,a81d9a9c-4e1f-4d12-8a69-c1f20a885b44
40ab65fb-f772-4b5c-8cb7-5bc45c13620e,WA,West,2015 Braun Ford Type III Ambulance,2015,35000,type-3,Ford,Braun,2-door-commercial,gasoline,,153000,,,,,2026-07-23T19:06:59.213Z,a81d9a9c-4e1f-4d12-8a69-c1f20a885b44
3331e74e-aec5-4d26-951d-032f90adedf4,WA,West,1995 International 400 FL80 Sewer Jet Truck,1995,8500,,,,2-door-commercial,diesel,,,,,,,2026-06-10T15:13:14.265Z,e0f0e67a-9a26-4f51-8c53-585c97cda237
42e8dab0-2fbe-4131-b288-e10ac29c356c,WA,West,1988 Ford F-600 Pumper,1988,9500,pumper-engine,Ford,Ford,2-door-commercial,gasoline,,55189,1384,,150,500,2026-06-29T02:24:49.997Z,fa257783-f061-4187-9eac-110ffe1f7c13
713745e0-255b-4831-82e9-69d672cb0339,WA,West,Water cannon,,1800,,,,,,,,,,,,2026-01-05T23:45:55.953Z,b28116b1-22b6-46b3-81c4-d0066cd02437
30a35a97-0897-4ec9-a5d0-3020ffdbcc5d,WA,West,2017 Decontamination Trailer,2017,39000,,,,,,,,,,,,2026-08-14T21:08:51.170Z,a6ef7da7-0e42-4cfc-9946-857b8bac2c3d
f957cbba-068f-4b67-958d-d1eae70a7931,WV,South,2024 Alexis Ford 4x4 Mini Pumper,2024,420000,mini-pumper,Ford,Alexis,4-door-commercial,diesel,,2818,131,,1500,500,2026-07-14T13:56:49.476Z,6fe8c974-200e-4e53-b687-4988ae13f4ee
76a61209-deb8-4a95-8ee8-be8cc0eecd32,WV,South,2007 Pierce Enforcer 75' Quint,2007,450000,quint,Pierce,Pierce,custom,,,16109,,,,,2026-07-21T21:06:55.433Z,32a48e35-feaf-449b-86e1-7631bc0b3968
6fb76a94-8a2a-471d-b1c3-4187ec5531b0,WV,South,2011 Ford 4x4 Light Rescue,2011,80000,light-rescue,Ford,Other,2-door-commercial,gasoline,,9566,,,0,0,2026-08-12T00:05:53.779Z,86aa5c3b-3965-4a9a-b2f8-fbcb5d0ca70a
154a6bfc-134d-4b76-b642-f171a611d9c6,WV,South,1998 Smeal HME 105' Aerial,1998,55000,aerial-ladder,HME,Smeal,custom,diesel,,45000,5301,,1250,300,2026-07-16T19:53:12.863Z,32a48e35-feaf-449b-86e1-7631bc0b3968
4728170f-0a2c-4200-905a-3454e7bd00cd,WV,South,2003 Seagrave International 4x4 Quick Attack,2003,55000,quick-attack,International,Seagrave,2-door-commercial,diesel,,73580,,,500,500,2026-08-10T14:54:34.230Z,6fe8c974-200e-4e53-b687-4988ae13f4ee
2c88fc64-a4ea-459c-89ea-b51f6cfbf8f6,WV,South,2002 Pierce DASH Pumper,2002,169999,pumper-engine,Pierce,Pierce,4-door-commercial,diesel,,14123,1157,,2000,1000,2026-07-17T15:04:08.749Z,fa257783-f061-4187-9eac-110ffe1f7c13
39386b00-b268-43c6-aba7-c7b884652cea,WV,South,2007 Rosenbauer International Rescue Pumper,2007,140000,pumper-engine,International,Rosenbauer,4-door-commercial,diesel,,19759,,,1250,,2026-08-10T14:54:06.093Z,fa257783-f061-4187-9eac-110ffe1f7c13
b258bb62-c737-4da2-9927-078ffecb6295,WV,South,1997 Pierce Saber 65' Telesquirt,1997,59999,telesquirt,Pierce,Pierce,custom,diesel,,65716,435,,1500,500,2026-08-13T13:51:31.695Z,32a48e35-feaf-449b-86e1-7631bc0b3968
0ed78c14-8648-4e6e-907c-d6228e244b21,WV,South,2019 Road Rescue Ford Type III Ambulance,2019,70000,type-3,Ford,Road Rescue,2-door-commercial,gasoline,,49379,,,,,2026-08-06T15:10:15.307Z,a81d9a9c-4e1f-4d12-8a69-c1f20a885b44
011dc72a-7964-47ea-a4a7-e44bdd52c054,WV,South,1991 Pierce Dash Pumper,1991,15000,pumper-engine,Pierce,Pierce,custom,diesel,,36000,,,1250,750,2026-07-29T05:26:42.654Z,fa257783-f061-4187-9eac-110ffe1f7c13
9d5ca780-7a7d-4d9d-8e03-fe85c818de32,WV,South,2004 Ford F-350 4x4 Light Rescue,2004,20000,light-rescue,Ford,Ford,2-door-commercial,gasoline,,129846,,,,,2026-07-22T21:58:56.395Z,86aa5c3b-3965-4a9a-b2f8-fbcb5d0ca70a
e6a7e1c6-2a75-4663-9574-633ff3e06fd9,WV,South,2000 Pierce Lance Pumper,2000,50000,pumper-engine,Pierce,Pierce,custom,,,35686,,,2000,750,2026-07-23T21:01:10.655Z,fa257783-f061-4187-9eac-110ffe1f7c13
073c1e5e-5dc4-4004-910e-6ff0edecbe32,WV,South,1994 GMC Tanker,1994,75000,tanker-tender,GMC,Other,2-door-commercial,diesel,,20605,,1,250,1250,2026-06-10T15:13:14.265Z,fb52f135-446f-4724-b502-a8d9c4f58493
131090e1-c716-43c4-ae50-26d63556a081,WV,South,1996 Saulsbury Spartan Pumper,1996,70000,pumper-engine,Spartan,Saulsbury,custom,diesel,,10192,,,2000,800,2026-08-06T15:08:48.409Z,fa257783-f061-4187-9eac-110ffe1f7c13
f0fb0a20-29d7-4bac-82b8-03c5a31e8f8f,WV,South,2003 Pierce Pumper,2003,85000,pumper-engine,Pierce,Pierce,custom,,,59000,,,1500,750,2026-08-10T14:54:26.528Z,fa257783-f061-4187-9eac-110ffe1f7c13
8993cca7-3ca5-407f-87a4-cea2a67c32f3,WV,South,2005 Kenworth T800,2005,77000,dump-truck,Kenworth,,2-door-commercial,diesel,,665000,,,,,2026-08-04T13:50:39.122Z,3e918b89-8111-4445-ab7e-2c9b49127342
22fa31ae-41c8-4d67-a1e0-68b4fa3c4f73,WV,South,1991 Kenworth T800 Dump Truck,1991,38000,dump-truck,Kenworth,,2-door-commercial,diesel,,228946,,,,,2026-08-01T15:58:52.754Z,3e918b89-8111-4445-ab7e-2c9b49127342
4ea6bcc6-9692-47ee-9234-25e43e2cbc27,WV,South,1992 Mack Pumper,1992,25000,pumper-engine,Mack,Other,4-door-commercial,diesel,,53059,,,1500,440,2026-07-23T20:03:21.823Z,fa257783-f061-4187-9eac-110ffe1f7c13
ce247199-eb0e-442a-a1ae-e033226e93a0,WV,South,1987 International Hendrickson Tanker,1987,15000,tanker-tender,Hendrickson,International,2-door-commercial,diesel,,12000,,,1250,1000,2026-07-10T03:00:35.530Z,fb52f135-446f-4724-b502-a8d9c4f58493
65b987c7-12b5-4252-a0b5-d2ba59360501,WV,South,1998 Pierce International Pumper,1998,40000,pumper-engine,International,Pierce,2-door-commercial,diesel,,31141,2317,,1250,1000,2026-08-11T01:16:13.993Z,fa257783-f061-4187-9eac-110ffe1f7c13
db7c7fcd-2538-4097-a1bb-03886d45eee7,WV,South,2009 Road Rescue Ford Type III Ambulance,2009,39500,type-3,Ford,Road Rescue,2-door-commercial,,,55000,,,,,2026-07-15T03:03:27.382Z,a81d9a9c-4e1f-4d12-8a69-c1f20a885b44
53c967ea-9393-4168-9fe5-06a936cbd81f,WV,South,1999 Freightliner FL80 Pumper,1999,24999,pumper-engine,Freightliner,Freightliner,2-door-commercial,,,48210,3285,,1000,1000,2026-07-03T03:00:24.787Z,fa257783-f061-4187-9eac-110ffe1f7c13
2cd23725-56f6-4c14-89a4-ec2457b6e9e1,WV,South,2007 Taylor Made Ford Type III Ambulance,2007,20000,type-3,Ford,Taylor Made,2-door-commercial,diesel,,123245,,,,,2026-08-11T05:06:17.097Z,a81d9a9c-4e1f-4d12-8a69-c1f20a885b44
88d861e8-b3c4-4795-9b5e-3f9b1117477a,WV,South,1996 4 Guys International Pumper,1996,29999,pumper-engine,International,4 Guys,4-door-commercial,,,29147,2282,,1000,1000,2026-07-15T03:02:10.986Z,fa257783-f061-4187-9eac-110ffe1f7c13
9343046f-1809-4a4d-a1d5-f7f8b7b75b4a,WV,South,1987 Ford LTL 9000,1987,8000,dump-truck,Ford,,2-door-commercial,diesel,,182452,,,,,2026-06-17T03:00:30.241Z,3e918b89-8111-4445-ab7e-2c9b49127342
81f4a286-a065-4e65-92a2-984ef9fe35a9,WV,South,Hurst Hydraulic Rescue Set,,5000,,,,,,,,,,,,2026-01-16T19:52:41.466Z,b28116b1-22b6-46b3-81c4-d0066cd02437
f1b2a4c0-3397-4cd5-940d-8c86b75cbd75,WV,South,"Code 3 XT308AR Lightbar, Red/Amber - like new condition, very bright",,350,,,,,,,,,,,,2026-01-16T20:27:04.814Z,b28116b1-22b6-46b3-81c4-d0066cd02437
21cb4061-db26-4ad6-b836-b453385eefcd,WV,South,"Sirens, lights, PA systems and ev equipment",,750,,,,,,,,,,,,2026-08-11T01:15:39.301Z,b28116b1-22b6-46b3-81c4-d0066cd02437
6de1e56c-960c-406a-9af9-c46c6e1d046f,WV,South,Msa packs,,3200,,,,,,,,,,,,2026-05-20T19:34:13.385Z,b28116b1-22b6-46b3-81c4-d0066cd02437
24610c8b-3746-4c23-a612-8395ac612ecd,WV,South,Scott packs,,1800,,,,,,,,,,,,2026-05-20T19:34:05.915Z,b28116b1-22b6-46b3-81c4-d0066cd02437
7926faf7-9433-480d-9d21-4b27ad122eb2,WI,Midwest,2006 Pierce Dash 2000 HDRP Pumper,2006,165000,pumper-engine,Pierce,Pierce,custom,,,15729,1631,,1500,500,2026-07-22T20:10:19.581Z,fa257783-f061-4187-9eac-110ffe1f7c13
dc445aa1-bdca-42cb-beb9-99f1b80f703c,WI,Midwest,1993 Chevrolet 3500 4x4 Light Rescue,1993,15000,light-rescue,Chevrolet,Chevrolet,4-door-commercial,gasoline,,24000,,,,,2026-08-13T22:34:38.218Z,86aa5c3b-3965-4a9a-b2f8-fbcb5d0ca70a
901d70d5-d31e-4b73-9e1e-9c2d42bb3d36,WI,Midwest,2016 Demers Dodge 4x4 Type I Ambulance,2016,127653,type-1,Dodge,Demers,2-door-commercial,,,108493,,,,,2026-06-30T03:00:27.410Z,a81d9a9c-4e1f-4d12-8a69-c1f20a885b44
ce627789-3f0b-45ea-98ba-579b736b6523,WI,Midwest,1994 3D Freightliner Pumper (2004 Refurb),1994,12000,pumper-engine,Freightliner,3D,2-door-commercial,diesel,,32380,2236,,1000,1000,2026-08-11T22:08:59.203Z,fa257783-f061-4187-9eac-110ffe1f7c13
6a0321c4-085b-4173-9e9d-c439e4fc2e60,WI,Midwest,2014 Peterbilt Septic,2014,176000,septic,Peterbilt,,2-door-commercial,diesel,,273500,15336,,,5000,2026-07-21T13:43:24.729Z,399f25f9-1380-427d-a067-7e931d2d4dde
c90437a6-2826-4d89-b7f9-efdfc49d949b,WI,Midwest,2016 Peterbilt New Way Front Loader,2016,95000,front_loader,Peterbilt,New Way,2-door-commercial,,,180000,7524,,,,2026-07-23T18:58:16.549Z,a05a1ae8-85b2-4ae3-ae67-10f5ce608164
e15671e5-d0d0-4bdd-aaf4-04b00ba4cfe4,WI,Midwest,2007 Braun Ford Type III Ambulance,2007,21377,type-3,Ford,Braun,2-door-commercial,,,58409,,,,,2026-06-10T15:13:14.265Z,a81d9a9c-4e1f-4d12-8a69-c1f20a885b44
357ee6a1-392e-4a6a-ba44-6c8d7a5c3cfa,WI,Midwest,2006 Horton Ford Type III Ambulance,2006,16000,type-3,Ford,Horton,2-door-commercial,diesel,,37984,,,,,2026-08-07T13:16:02.483Z,a81d9a9c-4e1f-4d12-8a69-c1f20a885b44
978354a2-165d-4f65-bfc8-62289c05e2cc,WI,Midwest,2010 Road Rescue Ford Type III Ambulance,2010,54939,type-3,Ford,Road Rescue,2-door-commercial,,,53860,,,,,2026-06-11T03:03:44.350Z,a81d9a9c-4e1f-4d12-8a69-c1f20a885b44
6360b4e4-8f71-4754-8f13-aa36003d40bc,WI,Midwest,1999 Pierce Saber Pumper Tanker,1999,40000,pumper-tanker,Pierce,Pierce,custom,diesel,,16856,1520,,1750,1000,2026-06-10T15:13:14.265Z,fa257783-f061-4187-9eac-110ffe1f7c13
aecdb942-a650-4c08-b0dd-f5d711ae2891,WI,Midwest,2015 PL-Custom Ford 4x4 Type I Ambulance,2015,90000,type-1,Ford,PL-Custom,2-door-commercial,,,133467,,,,,2026-06-25T03:00:33.758Z,a81d9a9c-4e1f-4d12-8a69-c1f20a885b44
b7c359f3-125e-46a3-8bb3-7c96559c3792,WI,Midwest,2001 International 4900 Heavy Rescue,2001,70000,heavy-rescue,International,International,4-door-commercial,diesel,,13677,,,,,2026-06-23T23:32:26.273Z,86aa5c3b-3965-4a9a-b2f8-fbcb5d0ca70a
da9d95bb-7e9b-4ed2-92dd-7361da7c0ef7,WI,Midwest,2010 MedTec Ford Type III Ambulance,2010,21945,type-3,Ford,MedTec,2-door-commercial,,,145805,,,,,2026-06-25T03:00:33.343Z,a81d9a9c-4e1f-4d12-8a69-c1f20a885b44
4e45f6c3-b592-44a2-a99d-3f28b169dda9,WI,Midwest,1997 International 4700 Dump Truck,1997,30000,dump-truck,International,,2-door-commercial,diesel,,52000,,,,,2026-06-10T15:13:14.265Z,3e918b89-8111-4445-ab7e-2c9b49127342
684be080-05e5-48f9-b1cc-ad8a1209a070,WI,Midwest,1996 Pumper,1996,29000,pumper-engine,Other,Other,custom,diesel,,30360,,,2000,1000,2026-06-10T15:13:14.265Z,fa257783-f061-4187-9eac-110ffe1f7c13
bd945499-1f30-4750-a452-fbb6c639f9d6,WI,Midwest,2008 Braun Ford Type I Ambulance,2008,15000,type-1,Ford,Braun,2-door-commercial,,,158332,,,,,2026-07-23T21:54:03.555Z,a81d9a9c-4e1f-4d12-8a69-c1f20a885b44
d818718d-ed45-4730-a49a-1512cca4f4b4,WI,Midwest,2000 Darley Freightliner Pumper,2000,34900,pumper-engine,Freightliner,Darley,4-door-commercial,diesel,,30000,,,1500,1000,2026-07-29T22:50:21.371Z,fa257783-f061-4187-9eac-110ffe1f7c13
ee53afd9-5669-4068-806f-81faa4244b65,WI,Midwest,1996 General International Pumper,1996,25000,pumper-engine,International,General,4-door-commercial,diesel,,26831,,,500,1250,2026-06-24T03:00:19.719Z,fa257783-f061-4187-9eac-110ffe1f7c13
a062baa5-cdb3-440b-bc85-bed9048e484c,WI,Midwest,2008 Horton Sterling Type I Ambulance,2008,35510,type-1,Sterling,Horton,2-door-commercial,diesel,,195000,,,,,2026-06-25T03:00:33.440Z,a81d9a9c-4e1f-4d12-8a69-c1f20a885b44
e18e34fb-9693-4c75-b82e-ee9120b670df,WI,Midwest,1988 GMC Vandura G3500 Van,1988,20000,other-apparatus,GMC,GMC,2-door-commercial,gasoline,,4950,,,,,2026-06-10T15:13:14.265Z,6092aee6-fe58-436b-b005-d30d30c4b98b
3bdab98b-6845-4cdd-86ba-671b3943b8e8,WI,Midwest,1999 Darley Freightliner Pumper,1999,23000,pumper-engine,Freightliner,Darley,4-door-commercial,diesel,,91596,6395,,1500,1000,2026-08-10T19:41:03.913Z,fa257783-f061-4187-9eac-110ffe1f7c13
a1e689fe-690b-417d-80a9-6c45f6120a23,WI,Midwest,2010 Horton Ram Type I Ambulance,2010,33379,type-1,Ram,Horton,2-door-commercial,gasoline,,66670,,,,,2026-07-01T03:00:19.143Z,a81d9a9c-4e1f-4d12-8a69-c1f20a885b44
6e197412-7f29-4812-8a5f-82bb6340145c,WI,Midwest,1996 Sutphen Pumper,1996,22995,pumper-engine,Sutphen,Sutphen,custom,diesel,,36000,,,1500,500,2026-07-01T03:00:11.533Z,fa257783-f061-4187-9eac-110ffe1f7c13
46528389-49b9-4648-b4de-b0ba2ff22d75,WI,Midwest,2010 Road Rescue Ford Type III Ambulance,2010,24290,type-3,Ford,Road Rescue,2-door-commercial,,,138379,,,,,2026-07-01T03:00:09.548Z,a81d9a9c-4e1f-4d12-8a69-c1f20a885b44
742a933c-1120-4395-a8cd-c7690ea0699d,WI,Midwest,2012 Pierce Quantum Pumper,2012,49000,pumper-engine,Pierce,Pierce,custom,diesel,,136000,,,1250,550,2026-06-10T15:13:14.265Z,fa257783-f061-4187-9eac-110ffe1f7c13
2274e19c-c0fc-4e62-8044-072e7679be13,WI,Midwest,1995 Darley Spartan Pumper,1995,30000,pumper-engine,Spartan,Darley,custom,diesel,,15000,,,1500,500,2026-06-23T03:00:02.827Z,fa257783-f061-4187-9eac-110ffe1f7c13
7e1f1c72-b2b1-4203-ae3c-49dc925a8204,WI,Midwest,2013 PL-Custom Chevrolet Type III Ambulance,2013,49500,type-3,Chevrolet,PL-Custom,2-door-commercial,,,112012,,,,,2026-06-25T03:00:34.444Z,a81d9a9c-4e1f-4d12-8a69-c1f20a885b44
b6384fad-9197-4fd3-ae13-9a282168d99e,WI,Midwest,BRAND NEW Williams Fire Hydro-Chem Ranger 1.5 Automatic Monitor Nozzle,,2000,,,,,,,,,,,,2026-08-07T01:01:54.708Z,b28116b1-22b6-46b3-81c4-d0066cd02437
fa648d00-6b32-4b93-bfff-31c7e82308fe,WI,Midwest,2021 Cougar 6x12 Cascade Trailer,2021,28000,,,,,,,,,,,,2026-05-06T14:45:35.095Z,a6ef7da7-0e42-4cfc-9946-857b8bac2c3d
db5e522b-d37e-43fd-acb5-3a9067f5a5a0,WI,Midwest,Siamese,,250,,,,,,,,,,,,2026-01-16T20:26:45.707Z,b28116b1-22b6-46b3-81c4-d0066cd02437
